EVENTTIME,APPLICATIONID,NOTIFICATIONID,PUBLISHTIME,SUBSCRIPTIONID,NOTIFICATIONTYPE,NOTIFICATIONVERSION,ASIN,ITEMCONDITION,MARKETPLACEID,OFFERCHANGETYPE,TIMEOFOFFERCHANGE,ISBUYBOXWINNER,ISFEATUREDMERCHANT,ISFULFILLEDBYAMAZON,LISTINGPRICEAMOUNT,LISTINGPRICECURRENCYCODE,PRIMEINFORMATION_ISOFFERNATIONALPRIME,PRIMEINFORMATION_ISOFFERPRIME,FEEDBACKCOUNT,SELLERPOSITIVEFEEDBACKRATING,SHIPPINGAMOUNT,SHIPPINGCURRENCYCODE,SHIPPINGAVAILABILITYTYPE,SHIPPINGAVAILABLEDATE,SHIPPINGMAXIMUMHOURS,SHIPPINGMINIMUMHOURS,SHIPSDOMESTICALLY,SHIPPING_COUNTRY,SHIPPING_STATE,OFFERS_SELLERID,SUBCONDITION
2024-05-17 09:49:59.526 Z,amzn1.sp.solution.c2bed69f-202f-4ce6-ae43-000fdbbb247e,1792aeb1-11a5-4e48-8224-85c301f3f8fb,2024-05-17 09:49:59.895 Z,871c70d2-94d7-4848-86ab-a951d1963e0b,ANY_OFFER_CHANGED,1.0,B00KJ73Q1O,new,ATVPDKIKX0DER,Internal,2024-05-17 09:49:59.209 Z,false,true,false,9.93,USD,false,false,26476,92,0,USD,NOW,,48,24,true,"""US""","""VA""",A1ECJT9FQ4WMHJ,new
2024-05-17 09:49:59.526 Z,amzn1.sp.solution.c2bed69f-202f-4ce6-ae43-000fdbbb247e,1792aeb1-11a5-4e48-8224-85c301f3f8fb,2024-05-17 09:49:59.895 Z,871c70d2-94d7-4848-86ab-a951d1963e0b,ANY_OFFER_CHANGED,1.0,B00KJ73Q1O,new,ATVPDKIKX0DER,Internal,2024-05-17 09:49:59.209 Z,false,true,false,9.95,USD,false,false,23560,94,0,USD,NOW,,0,0,true,"""US""","""MI""",A3F2UBJ6MNDDM5,new
2024-05-17 09:49:59.526 Z,amzn1.sp.solution.c2bed69f-202f-4ce6-ae43-000fdbbb247e,1792aeb1-11a5-4e48-8224-85c301f3f8fb,2024-05-17 09:49:59.895 Z,871c70d2-94d7-4848-86ab-a951d1963e0b,ANY_OFFER_CHANGED,1.0,B00KJ73Q1O,new,ATVPDKIKX0DER,Internal,2024-05-17 09:49:59.209 Z,false,true,false,9.99,USD,false,false,4783,84,0,USD,NOW,,24,24,true,"""US""","""TN""",A32YGV37EPHIKJ,new
2024-05-17 09:49:59.526 Z,amzn1.sp.solution.c2bed69f-202f-4ce6-ae43-000fdbbb247e,1792aeb1-11a5-4e48-8224-85c301f3f8fb,2024-05-17 09:49:59.895 Z,871c70d2-94d7-4848-86ab-a951d1963e0b,ANY_OFFER_CHANGED,1.0,B00KJ73Q1O,new,ATVPDKIKX0DER,Internal,2024-05-17 09:49:59.209 Z,false,true,true,9.99,USD,true,true,8461,98,0,USD,NOW,,0,0,true,,,A14L21XUKD9T4O,new
2024-05-17 09:49:59.526 Z,amzn1.sp.solution.c2bed69f-202f-4ce6-ae43-000fdbbb247e,1792aeb1-11a5-4e48-8224-85c301f3f8fb,2024-05-17 09:49:59.895 Z,871c70d2-94d7-4848-86ab-a951d1963e0b,ANY_OFFER_CHANGED,1.0,B00KJ73Q1O,new,ATVPDKIKX0DER,Internal,2024-05-17 09:49:59.209 Z,true,true,true,9.99,USD,true,true,20252,100,0,USD,NOW,,0,0,true,,,A2V74LV9L3ASTD,new
2024-05-17 09:49:59.526 Z,amzn1.sp.solution.c2bed69f-202f-4ce6-ae43-000fdbbb247e,1792aeb1-11a5-4e48-8224-85c301f3f8fb,2024-05-17 09:49:59.895 Z,871c70d2-94d7-4848-86ab-a951d1963e0b,ANY_OFFER_CHANGED,1.0,B00KJ73Q1O,new,ATVPDKIKX0DER,Internal,2024-05-17 09:49:59.209 Z,false,true,false,11.2,USD,false,false,5670,88,0,USD,NOW,,48,24,true,"""US""","""NE""",A147ASZ83GESTI,new
2024-05-17 09:49:59.526 Z,amzn1.sp.solution.c2bed69f-202f-4ce6-ae43-000fdbbb247e,1792aeb1-11a5-4e48-8224-85c301f3f8fb,2024-05-17 09:49:59.895 Z,871c70d2-94d7-4848-86ab-a951d1963e0b,ANY_OFFER_CHANGED,1.0,B00KJ73Q1O,new,ATVPDKIKX0DER,Internal,2024-05-17 09:49:59.209 Z,false,true,false,11.32,USD,false,false,17006,87,0,USD,NOW,,24,24,true,"""US""","""CA""",ABOPLAY6RS86X,new
2024-05-17 09:49:59.526 Z,amzn1.sp.solution.c2bed69f-202f-4ce6-ae43-000fdbbb247e,1792aeb1-11a5-4e48-8224-85c301f3f8fb,2024-05-17 09:49:59.895 Z,871c70d2-94d7-4848-86ab-a951d1963e0b,ANY_OFFER_CHANGED,1.0,B00KJ73Q1O,new,ATVPDKIKX0DER,Internal,2024-05-17 09:49:59.209 Z,false,true,false,11.69,USD,false,false,34276,96,0,USD,NOW,,24,24,true,"""US""","""VA""",A37RYXSF82P86Q,new
2024-05-17 09:49:59.526 Z,amzn1.sp.solution.c2bed69f-202f-4ce6-ae43-000fdbbb247e,1792aeb1-11a5-4e48-8224-85c301f3f8fb,2024-05-17 09:49:59.895 Z,871c70d2-94d7-4848-86ab-a951d1963e0b,ANY_OFFER_CHANGED,1.0,B00KJ73Q1O,new,ATVPDKIKX0DER,Internal,2024-05-17 09:49:59.209 Z,false,true,false,12.21,USD,false,false,181,92,0,USD,NOW,,24,24,true,"""US""","""TX""",A2I0HOF5WGMLJC,new
2024-05-17 09:49:59.526 Z,amzn1.sp.solution.c2bed69f-202f-4ce6-ae43-000fdbbb247e,1792aeb1-11a5-4e48-8224-85c301f3f8fb,2024-05-17 09:49:59.895 Z,871c70d2-94d7-4848-86ab-a951d1963e0b,ANY_OFFER_CHANGED,1.0,B00KJ73Q1O,new,ATVPDKIKX0DER,Internal,2024-05-17 09:49:59.209 Z,false,true,false,12.22,USD,false,false,31370,94,0,USD,NOW,,24,24,true,"""US""","""OH""",AFF8XSNGT0QQC,new
2024-05-17 09:49:59.526 Z,amzn1.sp.solution.c2bed69f-202f-4ce6-ae43-000fdbbb247e,1792aeb1-11a5-4e48-8224-85c301f3f8fb,2024-05-17 09:49:59.895 Z,871c70d2-94d7-4848-86ab-a951d1963e0b,ANY_OFFER_CHANGED,1.0,B00KJ73Q1O,new,ATVPDKIKX0DER,Internal,2024-05-17 09:49:59.209 Z,false,true,false,12.87,USD,false,false,12426,84,0,USD,NOW,,24,24,true,"""US""","""NE""",A2GSYIQWM0T181,new
2024-05-17 09:49:59.526 Z,amzn1.sp.solution.c2bed69f-202f-4ce6-ae43-000fdbbb247e,1792aeb1-11a5-4e48-8224-85c301f3f8fb,2024-05-17 09:49:59.895 Z,871c70d2-94d7-4848-86ab-a951d1963e0b,ANY_OFFER_CHANGED,1.0,B00KJ73Q1O,new,ATVPDKIKX0DER,Internal,2024-05-17 09:49:59.209 Z,false,true,false,13.67,USD,false,true,89815,97,0,USD,NOW,,24,24,true,"""US""","""VA""",A1G2IX65IQJHUO,new
2024-05-17 09:49:59.526 Z,amzn1.sp.solution.c2bed69f-202f-4ce6-ae43-000fdbbb247e,1792aeb1-11a5-4e48-8224-85c301f3f8fb,2024-05-17 09:49:59.895 Z,871c70d2-94d7-4848-86ab-a951d1963e0b,ANY_OFFER_CHANGED,1.0,B00KJ73Q1O,new,ATVPDKIKX0DER,Internal,2024-05-17 09:49:59.209 Z,false,true,false,15.16,USD,false,false,63837,92,0,USD,NOW,,24,24,true,"""US""","""CA""",A3A5024GKCOK6V,new
2024-05-17 09:49:59.526 Z,amzn1.sp.solution.c2bed69f-202f-4ce6-ae43-000fdbbb247e,1792aeb1-11a5-4e48-8224-85c301f3f8fb,2024-05-17 09:49:59.895 Z,871c70d2-94d7-4848-86ab-a951d1963e0b,ANY_OFFER_CHANGED,1.0,B00KJ73Q1O,new,ATVPDKIKX0DER,Internal,2024-05-17 09:49:59.209 Z,false,true,false,15.78,USD,false,false,11,82,0,USD,NOW,,24,24,true,"""US""","""NY""",A13NYAASDR0XYP,new
2024-05-17 09:49:59.526 Z,amzn1.sp.solution.c2bed69f-202f-4ce6-ae43-000fdbbb247e,1792aeb1-11a5-4e48-8224-85c301f3f8fb,2024-05-17 09:49:59.895 Z,871c70d2-94d7-4848-86ab-a951d1963e0b,ANY_OFFER_CHANGED,1.0,B00KJ73Q1O,new,ATVPDKIKX0DER,Internal,2024-05-17 09:49:59.209 Z,false,true,false,15.78,USD,false,false,11,82,0,USD,NOW,,24,24,true,"""US""","""NY""",A13NYAASDR0XYP,new
2024-05-17 09:49:59.526 Z,amzn1.sp.solution.c2bed69f-202f-4ce6-ae43-000fdbbb247e,1792aeb1-11a5-4e48-8224-85c301f3f8fb,2024-05-17 09:49:59.895 Z,871c70d2-94d7-4848-86ab-a951d1963e0b,ANY_OFFER_CHANGED,1.0,B00KJ73Q1O,new,ATVPDKIKX0DER,Internal,2024-05-17 09:49:59.209 Z,false,true,true,17.11,USD,true,true,5,80,0,USD,NOW,,0,0,true,,,A3ILQ5JJTNHUPQ,new
2024-05-17 09:50:26.567 Z,amzn1.sp.solution.c2bed69f-202f-4ce6-ae43-000fdbbb247e,f359655d-4672-4412-8f5f-3fcd9a15ba5d,2024-05-17 09:50:26.720 Z,871c70d2-94d7-4848-86ab-a951d1963e0b,ANY_OFFER_CHANGED,1.0,B07F2CJW64,new,ATVPDKIKX0DER,Internal,2024-05-17 09:50:26.447 Z,false,true,false,9.99,USD,false,false,63837,92,0,USD,NOW,,24,24,true,"""US""","""CA""",A3A5024GKCOK6V,new
2024-05-17 09:50:26.567 Z,amzn1.sp.solution.c2bed69f-202f-4ce6-ae43-000fdbbb247e,f359655d-4672-4412-8f5f-3fcd9a15ba5d,2024-05-17 09:50:26.720 Z,871c70d2-94d7-4848-86ab-a951d1963e0b,ANY_OFFER_CHANGED,1.0,B07F2CJW64,new,ATVPDKIKX0DER,Internal,2024-05-17 09:50:26.447 Z,true,true,true,9.99,USD,true,true,385,91,0,USD,NOW,,0,0,true,,,A2R2RITDJNW1Q6,new
2024-05-17 09:50:26.567 Z,amzn1.sp.solution.c2bed69f-202f-4ce6-ae43-000fdbbb247e,f359655d-4672-4412-8f5f-3fcd9a15ba5d,2024-05-17 09:50:26.720 Z,871c70d2-94d7-4848-86ab-a951d1963e0b,ANY_OFFER_CHANGED,1.0,B07F2CJW64,new,ATVPDKIKX0DER,Internal,2024-05-17 09:50:26.447 Z,false,true,false,10.29,USD,false,false,4783,84,0,USD,NOW,,0,0,true,"""US""","""TN""",A32YGV37EPHIKJ,new
2024-05-17 09:50:26.567 Z,amzn1.sp.solution.c2bed69f-202f-4ce6-ae43-000fdbbb247e,f359655d-4672-4412-8f5f-3fcd9a15ba5d,2024-05-17 09:50:26.720 Z,871c70d2-94d7-4848-86ab-a951d1963e0b,ANY_OFFER_CHANGED,1.0,B07F2CJW64,new,ATVPDKIKX0DER,Internal,2024-05-17 09:50:26.447 Z,false,true,false,10.45,USD,false,false,31370,94,0,USD,NOW,,24,24,true,"""US""","""OH""",AFF8XSNGT0QQC,new
2024-05-17 09:50:26.567 Z,amzn1.sp.solution.c2bed69f-202f-4ce6-ae43-000fdbbb247e,f359655d-4672-4412-8f5f-3fcd9a15ba5d,2024-05-17 09:50:26.720 Z,871c70d2-94d7-4848-86ab-a951d1963e0b,ANY_OFFER_CHANGED,1.0,B07F2CJW64,new,ATVPDKIKX0DER,Internal,2024-05-17 09:50:26.447 Z,false,true,false,10.47,USD,false,false,37313,89,0,USD,NOW,,1,1,true,"""US""","""TX""",APSAI9VUG3A9O,new
2024-05-17 09:50:26.567 Z,amzn1.sp.solution.c2bed69f-202f-4ce6-ae43-000fdbbb247e,f359655d-4672-4412-8f5f-3fcd9a15ba5d,2024-05-17 09:50:26.720 Z,871c70d2-94d7-4848-86ab-a951d1963e0b,ANY_OFFER_CHANGED,1.0,B07F2CJW64,new,ATVPDKIKX0DER,Internal,2024-05-17 09:50:26.447 Z,false,true,false,11,USD,false,true,89815,97,0,USD,NOW,,24,24,true,"""US""","""VA""",A1G2IX65IQJHUO,new
2024-05-17 09:50:26.567 Z,amzn1.sp.solution.c2bed69f-202f-4ce6-ae43-000fdbbb247e,f359655d-4672-4412-8f5f-3fcd9a15ba5d,2024-05-17 09:50:26.720 Z,871c70d2-94d7-4848-86ab-a951d1963e0b,ANY_OFFER_CHANGED,1.0,B07F2CJW64,new,ATVPDKIKX0DER,Internal,2024-05-17 09:50:26.447 Z,false,true,false,15.91,USD,false,false,181,92,0,USD,NOW,,24,24,true,"""US""","""TX""",A2I0HOF5WGMLJC,new
2024-05-17 09:50:26.295 Z,amzn1.sp.solution.c2bed69f-202f-4ce6-ae43-000fdbbb247e,14fb251b-1793-4489-8118-23095cea28d0,2024-05-17 09:50:26.527 Z,871c70d2-94d7-4848-86ab-a951d1963e0b,ANY_OFFER_CHANGED,1.0,B01BQI4J56,new,ATVPDKIKX0DER,Internal,2024-05-17 09:50:26.093 Z,false,true,false,13.91,USD,false,false,89815,97,0,USD,NOW,,24,24,true,"""US""","""VA""",A1G2IX65IQJHUO,new
2024-05-17 09:50:26.295 Z,amzn1.sp.solution.c2bed69f-202f-4ce6-ae43-000fdbbb247e,14fb251b-1793-4489-8118-23095cea28d0,2024-05-17 09:50:26.527 Z,871c70d2-94d7-4848-86ab-a951d1963e0b,ANY_OFFER_CHANGED,1.0,B01BQI4J56,new,ATVPDKIKX0DER,Internal,2024-05-17 09:50:26.093 Z,true,true,false,14.91,USD,false,false,63837,92,0,USD,NOW,,24,24,true,"""US""","""CA""",A3A5024GKCOK6V,new
2024-05-17 09:50:26.295 Z,amzn1.sp.solution.c2bed69f-202f-4ce6-ae43-000fdbbb247e,14fb251b-1793-4489-8118-23095cea28d0,2024-05-17 09:50:26.527 Z,871c70d2-94d7-4848-86ab-a951d1963e0b,ANY_OFFER_CHANGED,1.0,B01BQI4J56,new,ATVPDKIKX0DER,Internal,2024-05-17 09:50:26.093 Z,false,true,false,15.14,USD,false,false,34276,96,0,USD,NOW,,24,24,true,"""US""","""VA""",A37RYXSF82P86Q,new
2024-05-17 09:50:26.295 Z,amzn1.sp.solution.c2bed69f-202f-4ce6-ae43-000fdbbb247e,14fb251b-1793-4489-8118-23095cea28d0,2024-05-17 09:50:26.527 Z,871c70d2-94d7-4848-86ab-a951d1963e0b,ANY_OFFER_CHANGED,1.0,B01BQI4J56,new,ATVPDKIKX0DER,Internal,2024-05-17 09:50:26.093 Z,false,true,false,17.03,USD,false,false,181,92,0,USD,NOW,,24,24,true,"""US""","""TX""",A2I0HOF5WGMLJC,new
2024-05-17 09:50:26.295 Z,amzn1.sp.solution.c2bed69f-202f-4ce6-ae43-000fdbbb247e,14fb251b-1793-4489-8118-23095cea28d0,2024-05-17 09:50:26.527 Z,871c70d2-94d7-4848-86ab-a951d1963e0b,ANY_OFFER_CHANGED,1.0,B01BQI4J56,new,ATVPDKIKX0DER,Internal,2024-05-17 09:50:26.093 Z,false,true,false,17.04,USD,false,false,31370,94,0,USD,NOW,,24,24,true,"""US""","""OH""",AFF8XSNGT0QQC,new
2024-05-17 09:50:26.295 Z,amzn1.sp.solution.c2bed69f-202f-4ce6-ae43-000fdbbb247e,14fb251b-1793-4489-8118-23095cea28d0,2024-05-17 09:50:26.527 Z,871c70d2-94d7-4848-86ab-a951d1963e0b,ANY_OFFER_CHANGED,1.0,B01BQI4J56,new,ATVPDKIKX0DER,Internal,2024-05-17 09:50:26.093 Z,false,true,false,17.08,USD,false,false,37313,89,0,USD,NOW,,1,1,true,"""US""","""TX""",APSAI9VUG3A9O,new
2024-05-17 09:50:36.631 Z,amzn1.sp.solution.c2bed69f-202f-4ce6-ae43-000fdbbb247e,4ee48726-29ee-495a-bf51-e55fc2653cbb,2024-05-17 09:50:36.686 Z,871c70d2-94d7-4848-86ab-a951d1963e0b,ANY_OFFER_CHANGED,1.0,B085L9S6XK,new,ATVPDKIKX0DER,FeaturedOffer,2024-05-17 09:50:36.236 Z,false,true,false,13,USD,false,false,233,97,0,USD,NOW,,24,24,true,"""US""","""NY""",A1WUK73KVX13DN,new
2024-05-17 09:50:36.631 Z,amzn1.sp.solution.c2bed69f-202f-4ce6-ae43-000fdbbb247e,4ee48726-29ee-495a-bf51-e55fc2653cbb,2024-05-17 09:50:36.686 Z,871c70d2-94d7-4848-86ab-a951d1963e0b,ANY_OFFER_CHANGED,1.0,B085L9S6XK,new,ATVPDKIKX0DER,FeaturedOffer,2024-05-17 09:50:36.236 Z,true,true,false,13.05,USD,false,false,37313,89,0,USD,NOW,,1,1,true,"""US""","""TX""",APSAI9VUG3A9O,new
2024-05-17 09:50:36.631 Z,amzn1.sp.solution.c2bed69f-202f-4ce6-ae43-000fdbbb247e,4ee48726-29ee-495a-bf51-e55fc2653cbb,2024-05-17 09:50:36.686 Z,871c70d2-94d7-4848-86ab-a951d1963e0b,ANY_OFFER_CHANGED,1.0,B085L9S6XK,new,ATVPDKIKX0DER,FeaturedOffer,2024-05-17 09:50:36.236 Z,false,true,false,14.98,USD,false,false,181,92,0,USD,NOW,,24,24,true,"""US""","""TX""",A2I0HOF5WGMLJC,new
2024-05-17 09:50:36.631 Z,amzn1.sp.solution.c2bed69f-202f-4ce6-ae43-000fdbbb247e,4ee48726-29ee-495a-bf51-e55fc2653cbb,2024-05-17 09:50:36.686 Z,871c70d2-94d7-4848-86ab-a951d1963e0b,ANY_OFFER_CHANGED,1.0,B085L9S6XK,new,ATVPDKIKX0DER,FeaturedOffer,2024-05-17 09:50:36.236 Z,false,true,false,14.99,USD,false,false,4783,84,0,USD,NOW,,24,24,true,"""US""","""TN""",A32YGV37EPHIKJ,new
2024-05-17 09:50:36.631 Z,amzn1.sp.solution.c2bed69f-202f-4ce6-ae43-000fdbbb247e,4ee48726-29ee-495a-bf51-e55fc2653cbb,2024-05-17 09:50:36.686 Z,871c70d2-94d7-4848-86ab-a951d1963e0b,ANY_OFFER_CHANGED,1.0,B085L9S6XK,new,ATVPDKIKX0DER,FeaturedOffer,2024-05-17 09:50:36.236 Z,false,true,false,16.3,USD,false,false,11,82,0,USD,NOW,,24,24,true,"""US""","""NY""",A13NYAASDR0XYP,new
2024-05-17 09:50:36.631 Z,amzn1.sp.solution.c2bed69f-202f-4ce6-ae43-000fdbbb247e,4ee48726-29ee-495a-bf51-e55fc2653cbb,2024-05-17 09:50:36.686 Z,871c70d2-94d7-4848-86ab-a951d1963e0b,ANY_OFFER_CHANGED,1.0,B085L9S6XK,new,ATVPDKIKX0DER,FeaturedOffer,2024-05-17 09:50:36.236 Z,false,true,false,17,USD,false,false,1322,92,0,USD,NOW,,48,24,true,"""US""","""OH""",A1WRO17LQ93PQ0,new
2024-05-17 09:50:35.576 Z,amzn1.sp.solution.c2bed69f-202f-4ce6-ae43-000fdbbb247e,9c0b2813-437d-432b-a26b-5f2c09095780,2024-05-17 09:50:35.997 Z,871c70d2-94d7-4848-86ab-a951d1963e0b,ANY_OFFER_CHANGED,1.0,B000RH1SRU,new,ATVPDKIKX0DER,Internal,2024-05-17 09:50:35.206 Z,false,true,false,14.14,USD,false,false,7475,57,0,USD,NOW,,96,72,true,"""US""","""MI""",AKGQ69TTJ5VEW,new
2024-05-17 09:50:35.576 Z,amzn1.sp.solution.c2bed69f-202f-4ce6-ae43-000fdbbb247e,9c0b2813-437d-432b-a26b-5f2c09095780,2024-05-17 09:50:35.997 Z,871c70d2-94d7-4848-86ab-a951d1963e0b,ANY_OFFER_CHANGED,1.0,B000RH1SRU,new,ATVPDKIKX0DER,Internal,2024-05-17 09:50:35.206 Z,true,true,false,14.27,USD,false,false,26476,92,0,USD,NOW,,48,24,true,"""US""","""VA""",A1ECJT9FQ4WMHJ,new
2024-05-17 09:50:35.576 Z,amzn1.sp.solution.c2bed69f-202f-4ce6-ae43-000fdbbb247e,9c0b2813-437d-432b-a26b-5f2c09095780,2024-05-17 09:50:35.997 Z,871c70d2-94d7-4848-86ab-a951d1963e0b,ANY_OFFER_CHANGED,1.0,B000RH1SRU,new,ATVPDKIKX0DER,Internal,2024-05-17 09:50:35.206 Z,false,true,false,14.83,USD,false,false,17006,87,0,USD,NOW,,48,24,true,"""US""","""CA""",ABOPLAY6RS86X,new
2024-05-17 09:50:35.576 Z,amzn1.sp.solution.c2bed69f-202f-4ce6-ae43-000fdbbb247e,9c0b2813-437d-432b-a26b-5f2c09095780,2024-05-17 09:50:35.997 Z,871c70d2-94d7-4848-86ab-a951d1963e0b,ANY_OFFER_CHANGED,1.0,B000RH1SRU,new,ATVPDKIKX0DER,Internal,2024-05-17 09:50:35.206 Z,false,true,false,14.84,USD,false,false,158980,69,0,USD,NOW,,1,1,true,"""US""","""GA""",AQNACJEM8PUJ1,new
2024-05-17 09:50:35.576 Z,amzn1.sp.solution.c2bed69f-202f-4ce6-ae43-000fdbbb247e,9c0b2813-437d-432b-a26b-5f2c09095780,2024-05-17 09:50:35.997 Z,871c70d2-94d7-4848-86ab-a951d1963e0b,ANY_OFFER_CHANGED,1.0,B000RH1SRU,new,ATVPDKIKX0DER,Internal,2024-05-17 09:50:35.206 Z,true,true,true,15.85,USD,true,true,17385,98,0,USD,NOW,,0,0,true,,,A1S6VZ8ADM321W,new
2024-05-17 09:50:35.576 Z,amzn1.sp.solution.c2bed69f-202f-4ce6-ae43-000fdbbb247e,9c0b2813-437d-432b-a26b-5f2c09095780,2024-05-17 09:50:35.997 Z,871c70d2-94d7-4848-86ab-a951d1963e0b,ANY_OFFER_CHANGED,1.0,B000RH1SRU,new,ATVPDKIKX0DER,Internal,2024-05-17 09:50:35.206 Z,false,true,true,16.16,USD,true,true,34276,96,0,USD,NOW,,0,0,true,,,A37RYXSF82P86Q,new
2024-05-17 09:50:35.576 Z,amzn1.sp.solution.c2bed69f-202f-4ce6-ae43-000fdbbb247e,9c0b2813-437d-432b-a26b-5f2c09095780,2024-05-17 09:50:35.997 Z,871c70d2-94d7-4848-86ab-a951d1963e0b,ANY_OFFER_CHANGED,1.0,B000RH1SRU,new,ATVPDKIKX0DER,Internal,2024-05-17 09:50:35.206 Z,false,true,false,16.49,USD,false,false,5670,88,0,USD,NOW,,48,24,true,"""US""","""NE""",A147ASZ83GESTI,new
2024-05-17 09:50:35.576 Z,amzn1.sp.solution.c2bed69f-202f-4ce6-ae43-000fdbbb247e,9c0b2813-437d-432b-a26b-5f2c09095780,2024-05-17 09:50:35.997 Z,871c70d2-94d7-4848-86ab-a951d1963e0b,ANY_OFFER_CHANGED,1.0,B000RH1SRU,new,ATVPDKIKX0DER,Internal,2024-05-17 09:50:35.206 Z,false,true,false,17,USD,false,false,36485,97,0,USD,NOW,,48,24,true,"""US""","""FL""",A259WN8J4HIVH5,new
2024-05-17 09:50:35.576 Z,amzn1.sp.solution.c2bed69f-202f-4ce6-ae43-000fdbbb247e,9c0b2813-437d-432b-a26b-5f2c09095780,2024-05-17 09:50:35.997 Z,871c70d2-94d7-4848-86ab-a951d1963e0b,ANY_OFFER_CHANGED,1.0,B000RH1SRU,new,ATVPDKIKX0DER,Internal,2024-05-17 09:50:35.206 Z,false,true,false,17.18,USD,false,false,4255,93,0,USD,NOW,,0,0,true,"""US""","""FL""",A3TU40KD8IBL7L,new
2024-05-17 09:50:35.576 Z,amzn1.sp.solution.c2bed69f-202f-4ce6-ae43-000fdbbb247e,9c0b2813-437d-432b-a26b-5f2c09095780,2024-05-17 09:50:35.997 Z,871c70d2-94d7-4848-86ab-a951d1963e0b,ANY_OFFER_CHANGED,1.0,B000RH1SRU,new,ATVPDKIKX0DER,Internal,2024-05-17 09:50:35.206 Z,false,true,false,17.2,USD,false,false,31370,94,0,USD,NOW,,24,24,true,"""US""","""OH""",AFF8XSNGT0QQC,new
2024-05-17 09:50:35.576 Z,amzn1.sp.solution.c2bed69f-202f-4ce6-ae43-000fdbbb247e,9c0b2813-437d-432b-a26b-5f2c09095780,2024-05-17 09:50:35.997 Z,871c70d2-94d7-4848-86ab-a951d1963e0b,ANY_OFFER_CHANGED,1.0,B000RH1SRU,new,ATVPDKIKX0DER,Internal,2024-05-17 09:50:35.206 Z,false,true,false,17.3,USD,false,false,63837,92,0,USD,NOW,,24,24,true,"""US""","""CA""",A3A5024GKCOK6V,new
2024-05-17 09:50:35.576 Z,amzn1.sp.solution.c2bed69f-202f-4ce6-ae43-000fdbbb247e,9c0b2813-437d-432b-a26b-5f2c09095780,2024-05-17 09:50:35.997 Z,871c70d2-94d7-4848-86ab-a951d1963e0b,ANY_OFFER_CHANGED,1.0,B000RH1SRU,new,ATVPDKIKX0DER,Internal,2024-05-17 09:50:35.206 Z,false,true,false,17.71,USD,false,false,89815,97,0,USD,NOW,,24,24,true,"""US""","""VA""",A1G2IX65IQJHUO,new
2024-05-17 09:50:35.576 Z,amzn1.sp.solution.c2bed69f-202f-4ce6-ae43-000fdbbb247e,9c0b2813-437d-432b-a26b-5f2c09095780,2024-05-17 09:50:35.997 Z,871c70d2-94d7-4848-86ab-a951d1963e0b,ANY_OFFER_CHANGED,1.0,B000RH1SRU,new,ATVPDKIKX0DER,Internal,2024-05-17 09:50:35.206 Z,false,true,false,17.95,USD,false,false,12426,84,0,USD,NOW,,24,24,true,"""US""","""NE""",A2GSYIQWM0T181,new
2024-05-17 09:50:35.576 Z,amzn1.sp.solution.c2bed69f-202f-4ce6-ae43-000fdbbb247e,9c0b2813-437d-432b-a26b-5f2c09095780,2024-05-17 09:50:35.997 Z,871c70d2-94d7-4848-86ab-a951d1963e0b,ANY_OFFER_CHANGED,1.0,B000RH1SRU,new,ATVPDKIKX0DER,Internal,2024-05-17 09:50:35.206 Z,false,true,false,17.95,USD,false,false,12426,84,0,USD,NOW,,24,24,true,"""US""","""NE""",A2GSYIQWM0T181,new
2024-05-17 09:50:35.576 Z,amzn1.sp.solution.c2bed69f-202f-4ce6-ae43-000fdbbb247e,9c0b2813-437d-432b-a26b-5f2c09095780,2024-05-17 09:50:35.997 Z,871c70d2-94d7-4848-86ab-a951d1963e0b,ANY_OFFER_CHANGED,1.0,B000RH1SRU,new,ATVPDKIKX0DER,Internal,2024-05-17 09:50:35.206 Z,false,true,false,17.95,USD,false,false,12426,84,0,USD,NOW,,24,24,true,"""US""","""NE""",A2GSYIQWM0T181,new
2024-05-17 09:50:35.576 Z,amzn1.sp.solution.c2bed69f-202f-4ce6-ae43-000fdbbb247e,9c0b2813-437d-432b-a26b-5f2c09095780,2024-05-17 09:50:35.997 Z,871c70d2-94d7-4848-86ab-a951d1963e0b,ANY_OFFER_CHANGED,1.0,B000RH1SRU,new,ATVPDKIKX0DER,Internal,2024-05-17 09:50:35.206 Z,false,true,true,18.15,USD,true,true,55013,98,0,USD,NOW,,0,0,true,,,A7H37HS2706TH,new
2024-05-17 09:50:35.576 Z,amzn1.sp.solution.c2bed69f-202f-4ce6-ae43-000fdbbb247e,9c0b2813-437d-432b-a26b-5f2c09095780,2024-05-17 09:50:35.997 Z,871c70d2-94d7-4848-86ab-a951d1963e0b,ANY_OFFER_CHANGED,1.0,B000RH1SRU,new,ATVPDKIKX0DER,Internal,2024-05-17 09:50:35.206 Z,false,true,false,18.17,USD,false,false,55013,98,0,USD,NOW,,24,24,true,"""US""","""NJ""",A7H37HS2706TH,new
2024-05-17 09:50:35.576 Z,amzn1.sp.solution.c2bed69f-202f-4ce6-ae43-000fdbbb247e,9c0b2813-437d-432b-a26b-5f2c09095780,2024-05-17 09:50:35.997 Z,871c70d2-94d7-4848-86ab-a951d1963e0b,ANY_OFFER_CHANGED,1.0,B000RH1SRU,new,ATVPDKIKX0DER,Internal,2024-05-17 09:50:35.206 Z,false,true,false,18.91,USD,false,true,89815,97,0,USD,NOW,,24,24,true,"""US""","""VA""",A1G2IX65IQJHUO,new
2024-05-17 09:50:35.576 Z,amzn1.sp.solution.c2bed69f-202f-4ce6-ae43-000fdbbb247e,9c0b2813-437d-432b-a26b-5f2c09095780,2024-05-17 09:50:35.997 Z,871c70d2-94d7-4848-86ab-a951d1963e0b,ANY_OFFER_CHANGED,1.0,B000RH1SRU,new,ATVPDKIKX0DER,Internal,2024-05-17 09:50:35.206 Z,false,true,false,18.91,USD,false,true,89815,97,0,USD,NOW,,24,24,true,"""US""","""VA""",A1G2IX65IQJHUO,new
2024-05-17 09:50:35.576 Z,amzn1.sp.solution.c2bed69f-202f-4ce6-ae43-000fdbbb247e,9c0b2813-437d-432b-a26b-5f2c09095780,2024-05-17 09:50:35.997 Z,871c70d2-94d7-4848-86ab-a951d1963e0b,ANY_OFFER_CHANGED,1.0,B000RH1SRU,new,ATVPDKIKX0DER,Internal,2024-05-17 09:50:35.206 Z,false,true,false,24.43,USD,false,false,181,92,0,USD,NOW,,24,24,true,"""US""","""TX""",A2I0HOF5WGMLJC,new
2024-05-17 09:50:39.215 Z,amzn1.sp.solution.c2bed69f-202f-4ce6-ae43-000fdbbb247e,36a04b89-7957-4e0c-8b16-bf328d43c196,2024-05-17 09:50:39.833 Z,871c70d2-94d7-4848-86ab-a951d1963e0b,ANY_OFFER_CHANGED,1.0,B00O9XEDES,new,ATVPDKIKX0DER,Internal,2024-05-17 09:50:38.912 Z,true,true,false,5.2,USD,false,false,26476,92,0,USD,NOW,,48,24,true,"""US""","""VA""",A1ECJT9FQ4WMHJ,new
2024-05-17 09:50:39.215 Z,amzn1.sp.solution.c2bed69f-202f-4ce6-ae43-000fdbbb247e,36a04b89-7957-4e0c-8b16-bf328d43c196,2024-05-17 09:50:39.833 Z,871c70d2-94d7-4848-86ab-a951d1963e0b,ANY_OFFER_CHANGED,1.0,B00O9XEDES,new,ATVPDKIKX0DER,Internal,2024-05-17 09:50:38.912 Z,false,true,false,5.21,USD,false,false,16185,89,0,USD,NOW,,24,24,true,"""US""","""NJ""",A1Z9ZYA3TVLUDO,new
2024-05-17 09:50:39.215 Z,amzn1.sp.solution.c2bed69f-202f-4ce6-ae43-000fdbbb247e,36a04b89-7957-4e0c-8b16-bf328d43c196,2024-05-17 09:50:39.833 Z,871c70d2-94d7-4848-86ab-a951d1963e0b,ANY_OFFER_CHANGED,1.0,B00O9XEDES,new,ATVPDKIKX0DER,Internal,2024-05-17 09:50:38.912 Z,false,true,true,5.21,USD,true,true,138,92,0,USD,FUTURE_WITH_DATE,2024-05-22 08:00:00.000 Z,0,0,true,,,A3FDZHO6WYG0YF,new
2024-05-17 09:50:39.215 Z,amzn1.sp.solution.c2bed69f-202f-4ce6-ae43-000fdbbb247e,36a04b89-7957-4e0c-8b16-bf328d43c196,2024-05-17 09:50:39.833 Z,871c70d2-94d7-4848-86ab-a951d1963e0b,ANY_OFFER_CHANGED,1.0,B00O9XEDES,new,ATVPDKIKX0DER,Internal,2024-05-17 09:50:38.912 Z,false,true,false,6.09,USD,false,false,23422,72,0,USD,NOW,,24,24,true,"""US""","""FL""",AHEPIKNE2T3AF,new
2024-05-17 09:50:39.215 Z,amzn1.sp.solution.c2bed69f-202f-4ce6-ae43-000fdbbb247e,36a04b89-7957-4e0c-8b16-bf328d43c196,2024-05-17 09:50:39.833 Z,871c70d2-94d7-4848-86ab-a951d1963e0b,ANY_OFFER_CHANGED,1.0,B00O9XEDES,new,ATVPDKIKX0DER,Internal,2024-05-17 09:50:38.912 Z,false,true,true,6.1,USD,true,true,8461,98,0,USD,NOW,,0,0,true,,,A14L21XUKD9T4O,new
2024-05-17 09:50:39.215 Z,amzn1.sp.solution.c2bed69f-202f-4ce6-ae43-000fdbbb247e,36a04b89-7957-4e0c-8b16-bf328d43c196,2024-05-17 09:50:39.833 Z,871c70d2-94d7-4848-86ab-a951d1963e0b,ANY_OFFER_CHANGED,1.0,B00O9XEDES,new,ATVPDKIKX0DER,Internal,2024-05-17 09:50:38.912 Z,true,true,true,6.1,USD,true,true,31370,94,0,USD,NOW,,0,0,true,,,AFF8XSNGT0QQC,new
2024-05-17 09:50:39.215 Z,amzn1.sp.solution.c2bed69f-202f-4ce6-ae43-000fdbbb247e,36a04b89-7957-4e0c-8b16-bf328d43c196,2024-05-17 09:50:39.833 Z,871c70d2-94d7-4848-86ab-a951d1963e0b,ANY_OFFER_CHANGED,1.0,B00O9XEDES,new,ATVPDKIKX0DER,Internal,2024-05-17 09:50:38.912 Z,false,true,false,6.29,USD,false,false,4783,84,0,USD,NOW,,24,24,true,"""US""","""TN""",A32YGV37EPHIKJ,new
2024-05-17 09:50:39.215 Z,amzn1.sp.solution.c2bed69f-202f-4ce6-ae43-000fdbbb247e,36a04b89-7957-4e0c-8b16-bf328d43c196,2024-05-17 09:50:39.833 Z,871c70d2-94d7-4848-86ab-a951d1963e0b,ANY_OFFER_CHANGED,1.0,B00O9XEDES,new,ATVPDKIKX0DER,Internal,2024-05-17 09:50:38.912 Z,false,true,true,6.3,USD,true,true,1517,100,0,USD,NOW,,0,0,true,,,A3TGQJ0D99FJ0T,new
2024-05-17 09:50:39.215 Z,amzn1.sp.solution.c2bed69f-202f-4ce6-ae43-000fdbbb247e,36a04b89-7957-4e0c-8b16-bf328d43c196,2024-05-17 09:50:39.833 Z,871c70d2-94d7-4848-86ab-a951d1963e0b,ANY_OFFER_CHANGED,1.0,B00O9XEDES,new,ATVPDKIKX0DER,Internal,2024-05-17 09:50:38.912 Z,false,true,false,6.4,USD,false,false,538,89,0,USD,NOW,,48,24,true,"""US""","""NJ""",A3TL07SMKKGDPP,new
2024-05-17 09:50:39.215 Z,amzn1.sp.solution.c2bed69f-202f-4ce6-ae43-000fdbbb247e,36a04b89-7957-4e0c-8b16-bf328d43c196,2024-05-17 09:50:39.833 Z,871c70d2-94d7-4848-86ab-a951d1963e0b,ANY_OFFER_CHANGED,1.0,B00O9XEDES,new,ATVPDKIKX0DER,Internal,2024-05-17 09:50:38.912 Z,false,true,false,6.85,USD,false,false,4334,79,0,USD,NOW,,24,24,true,"""US""","""TX""",AE1KFNKJCC6SP,new
2024-05-17 09:50:39.215 Z,amzn1.sp.solution.c2bed69f-202f-4ce6-ae43-000fdbbb247e,36a04b89-7957-4e0c-8b16-bf328d43c196,2024-05-17 09:50:39.833 Z,871c70d2-94d7-4848-86ab-a951d1963e0b,ANY_OFFER_CHANGED,1.0,B00O9XEDES,new,ATVPDKIKX0DER,Internal,2024-05-17 09:50:38.912 Z,false,true,true,7.27,USD,true,true,385,91,0,USD,NOW,,0,0,true,,,A2R2RITDJNW1Q6,new
2024-05-17 09:50:39.215 Z,amzn1.sp.solution.c2bed69f-202f-4ce6-ae43-000fdbbb247e,36a04b89-7957-4e0c-8b16-bf328d43c196,2024-05-17 09:50:39.833 Z,871c70d2-94d7-4848-86ab-a951d1963e0b,ANY_OFFER_CHANGED,1.0,B00O9XEDES,new,ATVPDKIKX0DER,Internal,2024-05-17 09:50:38.912 Z,false,true,false,7.27,USD,false,false,34276,96,0,USD,NOW,,24,24,true,"""US""","""VA""",A37RYXSF82P86Q,new
2024-05-17 09:50:39.215 Z,amzn1.sp.solution.c2bed69f-202f-4ce6-ae43-000fdbbb247e,36a04b89-7957-4e0c-8b16-bf328d43c196,2024-05-17 09:50:39.833 Z,871c70d2-94d7-4848-86ab-a951d1963e0b,ANY_OFFER_CHANGED,1.0,B00O9XEDES,new,ATVPDKIKX0DER,Internal,2024-05-17 09:50:38.912 Z,false,true,false,8,USD,false,false,3468,93,0,USD,NOW,,72,48,true,"""US""","""SC""",A3UACI1DKLHUO0,new
2024-05-17 09:50:39.215 Z,amzn1.sp.solution.c2bed69f-202f-4ce6-ae43-000fdbbb247e,36a04b89-7957-4e0c-8b16-bf328d43c196,2024-05-17 09:50:39.833 Z,871c70d2-94d7-4848-86ab-a951d1963e0b,ANY_OFFER_CHANGED,1.0,B00O9XEDES,new,ATVPDKIKX0DER,Internal,2024-05-17 09:50:38.912 Z,false,true,false,8.53,USD,false,false,63837,92,0,USD,NOW,,24,24,true,"""US""","""CA""",A3A5024GKCOK6V,new
2024-05-17 09:50:39.215 Z,amzn1.sp.solution.c2bed69f-202f-4ce6-ae43-000fdbbb247e,36a04b89-7957-4e0c-8b16-bf328d43c196,2024-05-17 09:50:39.833 Z,871c70d2-94d7-4848-86ab-a951d1963e0b,ANY_OFFER_CHANGED,1.0,B00O9XEDES,new,ATVPDKIKX0DER,Internal,2024-05-17 09:50:38.912 Z,false,true,false,8.54,USD,false,false,31370,94,0,USD,NOW,,24,24,true,"""US""","""OH""",AFF8XSNGT0QQC,new
2024-05-17 09:50:39.215 Z,amzn1.sp.solution.c2bed69f-202f-4ce6-ae43-000fdbbb247e,36a04b89-7957-4e0c-8b16-bf328d43c196,2024-05-17 09:50:39.833 Z,871c70d2-94d7-4848-86ab-a951d1963e0b,ANY_OFFER_CHANGED,1.0,B00O9XEDES,new,ATVPDKIKX0DER,Internal,2024-05-17 09:50:38.912 Z,false,true,false,8.68,USD,false,false,17006,87,0,USD,NOW,,24,24,true,"""US""","""CA""",ABOPLAY6RS86X,new
2024-05-17 09:50:39.215 Z,amzn1.sp.solution.c2bed69f-202f-4ce6-ae43-000fdbbb247e,36a04b89-7957-4e0c-8b16-bf328d43c196,2024-05-17 09:50:39.833 Z,871c70d2-94d7-4848-86ab-a951d1963e0b,ANY_OFFER_CHANGED,1.0,B00O9XEDES,new,ATVPDKIKX0DER,Internal,2024-05-17 09:50:38.912 Z,false,true,false,8.83,USD,false,false,37313,89,0,USD,NOW,,1,1,true,"""US""","""TX""",APSAI9VUG3A9O,new
2024-05-17 09:50:39.215 Z,amzn1.sp.solution.c2bed69f-202f-4ce6-ae43-000fdbbb247e,36a04b89-7957-4e0c-8b16-bf328d43c196,2024-05-17 09:50:39.833 Z,871c70d2-94d7-4848-86ab-a951d1963e0b,ANY_OFFER_CHANGED,1.0,B00O9XEDES,new,ATVPDKIKX0DER,Internal,2024-05-17 09:50:38.912 Z,false,true,false,9.15,USD,false,false,27358,90,0,USD,NOW,,24,24,true,"""US""","""LA""",A1TRWQZAM7IDEW,new
2024-05-17 09:50:39.215 Z,amzn1.sp.solution.c2bed69f-202f-4ce6-ae43-000fdbbb247e,36a04b89-7957-4e0c-8b16-bf328d43c196,2024-05-17 09:50:39.833 Z,871c70d2-94d7-4848-86ab-a951d1963e0b,ANY_OFFER_CHANGED,1.0,B00O9XEDES,new,ATVPDKIKX0DER,Internal,2024-05-17 09:50:38.912 Z,false,true,false,10.04,USD,false,true,89815,97,0,USD,NOW,,24,24,true,"""US""","""VA""",A1G2IX65IQJHUO,new
2024-05-17 09:50:39.215 Z,amzn1.sp.solution.c2bed69f-202f-4ce6-ae43-000fdbbb247e,36a04b89-7957-4e0c-8b16-bf328d43c196,2024-05-17 09:50:39.833 Z,871c70d2-94d7-4848-86ab-a951d1963e0b,ANY_OFFER_CHANGED,1.0,B00O9XEDES,new,ATVPDKIKX0DER,Internal,2024-05-17 09:50:38.912 Z,false,true,false,2.12,USD,false,false,5142,77,7.95,USD,NOW,,48,24,true,"""US""","""NY""",A2DF3HGBR01ATY,new
2024-05-17 09:50:46.311 Z,amzn1.sp.solution.c2bed69f-202f-4ce6-ae43-000fdbbb247e,1b0618a9-b21d-4679-a4f4-616bcdb13237,2024-05-17 09:50:46.467 Z,871c70d2-94d7-4848-86ab-a951d1963e0b,ANY_OFFER_CHANGED,1.0,B004VHJHCU,new,ATVPDKIKX0DER,Internal,2024-05-17 09:50:46.096 Z,true,true,false,20.85,USD,false,false,31370,94,0,USD,NOW,,24,24,true,"""US""","""OH""",AFF8XSNGT0QQC,new
2024-05-17 09:50:46.311 Z,amzn1.sp.solution.c2bed69f-202f-4ce6-ae43-000fdbbb247e,1b0618a9-b21d-4679-a4f4-616bcdb13237,2024-05-17 09:50:46.467 Z,871c70d2-94d7-4848-86ab-a951d1963e0b,ANY_OFFER_CHANGED,1.0,B004VHJHCU,new,ATVPDKIKX0DER,Internal,2024-05-17 09:50:46.096 Z,true,true,false,20.85,USD,false,false,31370,94,0,USD,NOW,,24,24,true,"""US""","""OH""",AFF8XSNGT0QQC,new
2024-05-17 09:50:46.311 Z,amzn1.sp.solution.c2bed69f-202f-4ce6-ae43-000fdbbb247e,1b0618a9-b21d-4679-a4f4-616bcdb13237,2024-05-17 09:50:46.467 Z,871c70d2-94d7-4848-86ab-a951d1963e0b,ANY_OFFER_CHANGED,1.0,B004VHJHCU,new,ATVPDKIKX0DER,Internal,2024-05-17 09:50:46.096 Z,true,true,false,20.87,USD,false,false,181,92,0,USD,NOW,,24,24,true,"""US""","""TX""",A2I0HOF5WGMLJC,new
2024-05-17 09:50:46.311 Z,amzn1.sp.solution.c2bed69f-202f-4ce6-ae43-000fdbbb247e,1b0618a9-b21d-4679-a4f4-616bcdb13237,2024-05-17 09:50:46.467 Z,871c70d2-94d7-4848-86ab-a951d1963e0b,ANY_OFFER_CHANGED,1.0,B004VHJHCU,new,ATVPDKIKX0DER,Internal,2024-05-17 09:50:46.096 Z,false,true,false,22.11,USD,false,false,35001,84,0,USD,NOW,,48,24,true,"""US""","""CA""",A3RTD7C8IOA24E,new
2024-05-17 09:50:46.311 Z,amzn1.sp.solution.c2bed69f-202f-4ce6-ae43-000fdbbb247e,1b0618a9-b21d-4679-a4f4-616bcdb13237,2024-05-17 09:50:46.467 Z,871c70d2-94d7-4848-86ab-a951d1963e0b,ANY_OFFER_CHANGED,1.0,B004VHJHCU,new,ATVPDKIKX0DER,Internal,2024-05-17 09:50:46.096 Z,false,true,false,24.77,USD,false,false,63837,92,0,USD,NOW,,24,24,true,"""US""","""CA""",A3A5024GKCOK6V,new
2024-05-17 09:50:46.311 Z,amzn1.sp.solution.c2bed69f-202f-4ce6-ae43-000fdbbb247e,1b0618a9-b21d-4679-a4f4-616bcdb13237,2024-05-17 09:50:46.467 Z,871c70d2-94d7-4848-86ab-a951d1963e0b,ANY_OFFER_CHANGED,1.0,B004VHJHCU,new,ATVPDKIKX0DER,Internal,2024-05-17 09:50:46.096 Z,false,true,false,24.99,USD,false,false,4783,84,0,USD,NOW,,1,1,true,"""US""","""TN""",A32YGV37EPHIKJ,new
2024-05-17 09:50:46.311 Z,amzn1.sp.solution.c2bed69f-202f-4ce6-ae43-000fdbbb247e,1b0618a9-b21d-4679-a4f4-616bcdb13237,2024-05-17 09:50:46.467 Z,871c70d2-94d7-4848-86ab-a951d1963e0b,ANY_OFFER_CHANGED,1.0,B004VHJHCU,new,ATVPDKIKX0DER,Internal,2024-05-17 09:50:46.096 Z,false,true,false,27.98,USD,false,false,1683,93,0,USD,NOW,,24,24,true,"""US""","""MD""",A39662AMV0ME4G,new
2024-05-17 09:51:06.019 Z,amzn1.sp.solution.c2bed69f-202f-4ce6-ae43-000fdbbb247e,843e96d2-0efa-485b-8d0c-aefcec536b8d,2024-05-17 09:51:06.090 Z,871c70d2-94d7-4848-86ab-a951d1963e0b,ANY_OFFER_CHANGED,1.0,B01DME6496,new,ATVPDKIKX0DER,Internal,2024-05-17 09:51:05.751 Z,true,true,false,32.22,USD,false,false,63837,92,0,USD,NOW,,24,24,true,"""US""","""CA""",A3A5024GKCOK6V,new
2024-05-17 09:51:06.019 Z,amzn1.sp.solution.c2bed69f-202f-4ce6-ae43-000fdbbb247e,843e96d2-0efa-485b-8d0c-aefcec536b8d,2024-05-17 09:51:06.090 Z,871c70d2-94d7-4848-86ab-a951d1963e0b,ANY_OFFER_CHANGED,1.0,B01DME6496,new,ATVPDKIKX0DER,Internal,2024-05-17 09:51:05.751 Z,true,true,false,32.25,USD,false,false,181,92,0,USD,NOW,,24,24,true,"""US""","""TX""",A2I0HOF5WGMLJC,new
2024-05-17 09:51:06.019 Z,amzn1.sp.solution.c2bed69f-202f-4ce6-ae43-000fdbbb247e,843e96d2-0efa-485b-8d0c-aefcec536b8d,2024-05-17 09:51:06.090 Z,871c70d2-94d7-4848-86ab-a951d1963e0b,ANY_OFFER_CHANGED,1.0,B01DME6496,new,ATVPDKIKX0DER,Internal,2024-05-17 09:51:05.751 Z,false,true,false,40.41,USD,false,false,31370,94,0,USD,NOW,,24,24,true,"""US""","""OH""",AFF8XSNGT0QQC,new
2024-05-17 09:51:09.077 Z,amzn1.sp.solution.c2bed69f-202f-4ce6-ae43-000fdbbb247e,d93d01b9-601a-4d39-a0c2-a1493377ef58,2024-05-17 09:51:09.179 Z,871c70d2-94d7-4848-86ab-a951d1963e0b,ANY_OFFER_CHANGED,1.0,B09N9R7Y41,new,ATVPDKIKX0DER,Internal,2024-05-17 09:51:08.821 Z,true,true,false,25.25,USD,false,false,324,99,0,USD,NOW,,24,24,true,"""US""","""FL""",A3N08NTTRCAG4E,new
2024-05-17 09:51:09.077 Z,amzn1.sp.solution.c2bed69f-202f-4ce6-ae43-000fdbbb247e,d93d01b9-601a-4d39-a0c2-a1493377ef58,2024-05-17 09:51:09.179 Z,871c70d2-94d7-4848-86ab-a951d1963e0b,ANY_OFFER_CHANGED,1.0,B09N9R7Y41,new,ATVPDKIKX0DER,Internal,2024-05-17 09:51:08.821 Z,false,true,false,25.29,USD,false,false,5670,88,0,USD,NOW,,24,24,true,"""US""","""NE""",A147ASZ83GESTI,new
2024-05-17 09:51:09.077 Z,amzn1.sp.solution.c2bed69f-202f-4ce6-ae43-000fdbbb247e,d93d01b9-601a-4d39-a0c2-a1493377ef58,2024-05-17 09:51:09.179 Z,871c70d2-94d7-4848-86ab-a951d1963e0b,ANY_OFFER_CHANGED,1.0,B09N9R7Y41,new,ATVPDKIKX0DER,Internal,2024-05-17 09:51:08.821 Z,false,true,false,26.58,USD,false,false,20,100,0,USD,NOW,,1,1,true,"""US""","""NV""",A3P3S2IKAJMVEY,new
2024-05-17 09:51:09.077 Z,amzn1.sp.solution.c2bed69f-202f-4ce6-ae43-000fdbbb247e,d93d01b9-601a-4d39-a0c2-a1493377ef58,2024-05-17 09:51:09.179 Z,871c70d2-94d7-4848-86ab-a951d1963e0b,ANY_OFFER_CHANGED,1.0,B09N9R7Y41,new,ATVPDKIKX0DER,Internal,2024-05-17 09:51:08.821 Z,false,true,false,26.95,USD,false,false,89815,97,0,USD,NOW,,24,24,true,"""US""","""VA""",A1G2IX65IQJHUO,new
2024-05-17 09:51:09.077 Z,amzn1.sp.solution.c2bed69f-202f-4ce6-ae43-000fdbbb247e,d93d01b9-601a-4d39-a0c2-a1493377ef58,2024-05-17 09:51:09.179 Z,871c70d2-94d7-4848-86ab-a951d1963e0b,ANY_OFFER_CHANGED,1.0,B09N9R7Y41,new,ATVPDKIKX0DER,Internal,2024-05-17 09:51:08.821 Z,false,true,false,31.72,USD,false,false,31370,94,0,USD,NOW,,24,24,true,"""US""","""OH""",AFF8XSNGT0QQC,new
2024-05-17 09:51:09.077 Z,amzn1.sp.solution.c2bed69f-202f-4ce6-ae43-000fdbbb247e,d93d01b9-601a-4d39-a0c2-a1493377ef58,2024-05-17 09:51:09.179 Z,871c70d2-94d7-4848-86ab-a951d1963e0b,ANY_OFFER_CHANGED,1.0,B09N9R7Y41,new,ATVPDKIKX0DER,Internal,2024-05-17 09:51:08.821 Z,false,true,false,32,USD,false,false,41,93,0,USD,NOW,,24,24,true,"""US""","""NY""",A1P9J2X44V0T5A,new
2024-05-17 09:51:09.077 Z,amzn1.sp.solution.c2bed69f-202f-4ce6-ae43-000fdbbb247e,d93d01b9-601a-4d39-a0c2-a1493377ef58,2024-05-17 09:51:09.179 Z,871c70d2-94d7-4848-86ab-a951d1963e0b,ANY_OFFER_CHANGED,1.0,B09N9R7Y41,new,ATVPDKIKX0DER,Internal,2024-05-17 09:51:08.821 Z,false,true,false,37.33,USD,false,false,181,92,0,USD,NOW,,24,24,true,"""US""","""TX""",A2I0HOF5WGMLJC,new
2024-05-17 09:51:08.533 Z,amzn1.sp.solution.c2bed69f-202f-4ce6-ae43-000fdbbb247e,5d77acfb-45ea-42a6-a6cc-ad1abf8cc173,2024-05-17 09:51:08.587 Z,871c70d2-94d7-4848-86ab-a951d1963e0b,ANY_OFFER_CHANGED,1.0,B07255L8C4,new,ATVPDKIKX0DER,Internal,2024-05-17 09:51:08.310 Z,true,true,false,36.4,USD,false,false,31370,94,0,USD,NOW,,24,24,true,"""US""","""OH""",AFF8XSNGT0QQC,new
2024-05-17 09:51:08.533 Z,amzn1.sp.solution.c2bed69f-202f-4ce6-ae43-000fdbbb247e,5d77acfb-45ea-42a6-a6cc-ad1abf8cc173,2024-05-17 09:51:08.587 Z,871c70d2-94d7-4848-86ab-a951d1963e0b,ANY_OFFER_CHANGED,1.0,B07255L8C4,new,ATVPDKIKX0DER,Internal,2024-05-17 09:51:08.310 Z,true,true,false,36.44,USD,false,false,181,92,0,USD,NOW,,24,24,true,"""US""","""TX""",A2I0HOF5WGMLJC,new
2024-05-17 09:51:08.533 Z,amzn1.sp.solution.c2bed69f-202f-4ce6-ae43-000fdbbb247e,5d77acfb-45ea-42a6-a6cc-ad1abf8cc173,2024-05-17 09:51:08.587 Z,871c70d2-94d7-4848-86ab-a951d1963e0b,ANY_OFFER_CHANGED,1.0,B07255L8C4,new,ATVPDKIKX0DER,Internal,2024-05-17 09:51:08.310 Z,false,true,false,37.38,USD,false,false,158980,69,0,USD,NOW,,1,1,true,"""US""","""GA""",AQNACJEM8PUJ1,new
2024-05-17 09:50:57.759 Z,amzn1.sp.solution.c2bed69f-202f-4ce6-ae43-000fdbbb247e,b4cc4b52-7648-4459-83ac-0f1f29a65e93,2024-05-17 09:50:58.325 Z,871c70d2-94d7-4848-86ab-a951d1963e0b,ANY_OFFER_CHANGED,1.0,B00KJ75UIQ,new,ATVPDKIKX0DER,Internal,2024-05-17 09:50:57.477 Z,false,true,false,9.21,USD,false,false,26476,92,0,USD,NOW,,48,24,true,"""US""","""VA""",A1ECJT9FQ4WMHJ,new
2024-05-17 09:50:57.759 Z,amzn1.sp.solution.c2bed69f-202f-4ce6-ae43-000fdbbb247e,b4cc4b52-7648-4459-83ac-0f1f29a65e93,2024-05-17 09:50:58.325 Z,871c70d2-94d7-4848-86ab-a951d1963e0b,ANY_OFFER_CHANGED,1.0,B00KJ75UIQ,new,ATVPDKIKX0DER,Internal,2024-05-17 09:50:57.477 Z,true,true,false,9.23,USD,false,false,34276,96,0,USD,NOW,,24,24,true,"""US""","""VA""",A37RYXSF82P86Q,new
2024-05-17 09:50:57.759 Z,amzn1.sp.solution.c2bed69f-202f-4ce6-ae43-000fdbbb247e,b4cc4b52-7648-4459-83ac-0f1f29a65e93,2024-05-17 09:50:58.325 Z,871c70d2-94d7-4848-86ab-a951d1963e0b,ANY_OFFER_CHANGED,1.0,B00KJ75UIQ,new,ATVPDKIKX0DER,Internal,2024-05-17 09:50:57.477 Z,true,true,true,9.37,USD,true,true,20252,100,0,USD,NOW,,0,0,true,,,A2V74LV9L3ASTD,new
2024-05-17 09:50:57.759 Z,amzn1.sp.solution.c2bed69f-202f-4ce6-ae43-000fdbbb247e,b4cc4b52-7648-4459-83ac-0f1f29a65e93,2024-05-17 09:50:58.325 Z,871c70d2-94d7-4848-86ab-a951d1963e0b,ANY_OFFER_CHANGED,1.0,B00KJ75UIQ,new,ATVPDKIKX0DER,Internal,2024-05-17 09:50:57.477 Z,false,true,false,9.58,USD,false,false,63837,92,0,USD,NOW,,24,24,true,"""US""","""CA""",A3A5024GKCOK6V,new
2024-05-17 09:50:57.759 Z,amzn1.sp.solution.c2bed69f-202f-4ce6-ae43-000fdbbb247e,b4cc4b52-7648-4459-83ac-0f1f29a65e93,2024-05-17 09:50:58.325 Z,871c70d2-94d7-4848-86ab-a951d1963e0b,ANY_OFFER_CHANGED,1.0,B00KJ75UIQ,new,ATVPDKIKX0DER,Internal,2024-05-17 09:50:57.477 Z,false,true,true,9.9,USD,true,true,29511,100,0,USD,NOW,,0,0,true,,,A29OWEYSFJVSZC,new
2024-05-17 09:50:57.759 Z,amzn1.sp.solution.c2bed69f-202f-4ce6-ae43-000fdbbb247e,b4cc4b52-7648-4459-83ac-0f1f29a65e93,2024-05-17 09:50:58.325 Z,871c70d2-94d7-4848-86ab-a951d1963e0b,ANY_OFFER_CHANGED,1.0,B00KJ75UIQ,new,ATVPDKIKX0DER,Internal,2024-05-17 09:50:57.477 Z,false,true,false,10.29,USD,false,false,4783,84,0,USD,NOW,,24,24,true,"""US""","""TN""",A32YGV37EPHIKJ,new
2024-05-17 09:50:57.759 Z,amzn1.sp.solution.c2bed69f-202f-4ce6-ae43-000fdbbb247e,b4cc4b52-7648-4459-83ac-0f1f29a65e93,2024-05-17 09:50:58.325 Z,871c70d2-94d7-4848-86ab-a951d1963e0b,ANY_OFFER_CHANGED,1.0,B00KJ75UIQ,new,ATVPDKIKX0DER,Internal,2024-05-17 09:50:57.477 Z,false,true,false,5.74,USD,false,false,6237,85,4.65,USD,NOW,,24,24,true,"""US""","""IL""",A1JOOFPLX80TN0,new
2024-05-17 09:50:57.759 Z,amzn1.sp.solution.c2bed69f-202f-4ce6-ae43-000fdbbb247e,b4cc4b52-7648-4459-83ac-0f1f29a65e93,2024-05-17 09:50:58.325 Z,871c70d2-94d7-4848-86ab-a951d1963e0b,ANY_OFFER_CHANGED,1.0,B00KJ75UIQ,new,ATVPDKIKX0DER,Internal,2024-05-17 09:50:57.477 Z,false,true,false,10.45,USD,false,false,31370,94,0,USD,NOW,,24,24,true,"""US""","""OH""",AFF8XSNGT0QQC,new
2024-05-17 09:50:57.759 Z,amzn1.sp.solution.c2bed69f-202f-4ce6-ae43-000fdbbb247e,b4cc4b52-7648-4459-83ac-0f1f29a65e93,2024-05-17 09:50:58.325 Z,871c70d2-94d7-4848-86ab-a951d1963e0b,ANY_OFFER_CHANGED,1.0,B00KJ75UIQ,new,ATVPDKIKX0DER,Internal,2024-05-17 09:50:57.477 Z,false,true,false,11,USD,false,true,89815,97,0,USD,NOW,,24,24,true,"""US""","""VA""",A1G2IX65IQJHUO,new
2024-05-17 09:50:57.759 Z,amzn1.sp.solution.c2bed69f-202f-4ce6-ae43-000fdbbb247e,b4cc4b52-7648-4459-83ac-0f1f29a65e93,2024-05-17 09:50:58.325 Z,871c70d2-94d7-4848-86ab-a951d1963e0b,ANY_OFFER_CHANGED,1.0,B00KJ75UIQ,new,ATVPDKIKX0DER,Internal,2024-05-17 09:50:57.477 Z,false,true,false,11.75,USD,false,false,69419,99,0,USD,NOW,,1,1,true,"""US""","""NJ""",AO5MKE2Z1JRG0,new
2024-05-17 09:50:57.759 Z,amzn1.sp.solution.c2bed69f-202f-4ce6-ae43-000fdbbb247e,b4cc4b52-7648-4459-83ac-0f1f29a65e93,2024-05-17 09:50:58.325 Z,871c70d2-94d7-4848-86ab-a951d1963e0b,ANY_OFFER_CHANGED,1.0,B00KJ75UIQ,new,ATVPDKIKX0DER,Internal,2024-05-17 09:50:57.477 Z,false,true,false,12.68,USD,false,false,11,82,0,USD,NOW,,24,24,true,"""US""","""NY""",A13NYAASDR0XYP,new
2024-05-17 09:50:57.759 Z,amzn1.sp.solution.c2bed69f-202f-4ce6-ae43-000fdbbb247e,b4cc4b52-7648-4459-83ac-0f1f29a65e93,2024-05-17 09:50:58.325 Z,871c70d2-94d7-4848-86ab-a951d1963e0b,ANY_OFFER_CHANGED,1.0,B00KJ75UIQ,new,ATVPDKIKX0DER,Internal,2024-05-17 09:50:57.477 Z,false,true,false,12.7,USD,false,false,11,82,0,USD,NOW,,24,24,true,"""US""","""NY""",A13NYAASDR0XYP,new
2024-05-17 09:50:57.759 Z,amzn1.sp.solution.c2bed69f-202f-4ce6-ae43-000fdbbb247e,b4cc4b52-7648-4459-83ac-0f1f29a65e93,2024-05-17 09:50:58.325 Z,871c70d2-94d7-4848-86ab-a951d1963e0b,ANY_OFFER_CHANGED,1.0,B00KJ75UIQ,new,ATVPDKIKX0DER,Internal,2024-05-17 09:50:57.477 Z,false,true,false,12.7,USD,false,false,11,82,0,USD,NOW,,24,24,true,"""US""","""NY""",A13NYAASDR0XYP,new
2024-05-17 09:50:57.759 Z,amzn1.sp.solution.c2bed69f-202f-4ce6-ae43-000fdbbb247e,b4cc4b52-7648-4459-83ac-0f1f29a65e93,2024-05-17 09:50:58.325 Z,871c70d2-94d7-4848-86ab-a951d1963e0b,ANY_OFFER_CHANGED,1.0,B00KJ75UIQ,new,ATVPDKIKX0DER,Internal,2024-05-17 09:50:57.477 Z,false,true,false,12.7,USD,false,false,11,82,0,USD,NOW,,24,24,true,"""US""","""NY""",A13NYAASDR0XYP,new
2024-05-17 09:50:57.759 Z,amzn1.sp.solution.c2bed69f-202f-4ce6-ae43-000fdbbb247e,b4cc4b52-7648-4459-83ac-0f1f29a65e93,2024-05-17 09:50:58.325 Z,871c70d2-94d7-4848-86ab-a951d1963e0b,ANY_OFFER_CHANGED,1.0,B00KJ75UIQ,new,ATVPDKIKX0DER,Internal,2024-05-17 09:50:57.477 Z,false,true,false,12.7,USD,false,false,11,82,0,USD,NOW,,24,24,true,"""US""","""NY""",A13NYAASDR0XYP,new
2024-05-17 09:50:57.759 Z,amzn1.sp.solution.c2bed69f-202f-4ce6-ae43-000fdbbb247e,b4cc4b52-7648-4459-83ac-0f1f29a65e93,2024-05-17 09:50:58.325 Z,871c70d2-94d7-4848-86ab-a951d1963e0b,ANY_OFFER_CHANGED,1.0,B00KJ75UIQ,new,ATVPDKIKX0DER,Internal,2024-05-17 09:50:57.477 Z,false,true,false,15.91,USD,false,false,181,92,0,USD,NOW,,24,24,true,"""US""","""TX""",A2I0HOF5WGMLJC,new
2024-05-17 09:51:17.486 Z,amzn1.sp.solution.c2bed69f-202f-4ce6-ae43-000fdbbb247e,5226d806-4a5c-4e4e-a25e-733b37841717,2024-05-17 09:51:18.049 Z,871c70d2-94d7-4848-86ab-a951d1963e0b,ANY_OFFER_CHANGED,1.0,B0006ULHK6,new,ATVPDKIKX0DER,Internal,2024-05-17 09:51:17.169 Z,true,true,true,24.73,USD,true,true,20252,100,0,USD,NOW,,0,0,true,,,A2V74LV9L3ASTD,new
2024-05-17 09:51:17.486 Z,amzn1.sp.solution.c2bed69f-202f-4ce6-ae43-000fdbbb247e,5226d806-4a5c-4e4e-a25e-733b37841717,2024-05-17 09:51:18.049 Z,871c70d2-94d7-4848-86ab-a951d1963e0b,ANY_OFFER_CHANGED,1.0,B0006ULHK6,new,ATVPDKIKX0DER,Internal,2024-05-17 09:51:17.169 Z,false,true,true,25.6,USD,true,true,29511,100,0,USD,NOW,,0,0,true,,,A29OWEYSFJVSZC,new
2024-05-17 09:51:17.486 Z,amzn1.sp.solution.c2bed69f-202f-4ce6-ae43-000fdbbb247e,5226d806-4a5c-4e4e-a25e-733b37841717,2024-05-17 09:51:18.049 Z,871c70d2-94d7-4848-86ab-a951d1963e0b,ANY_OFFER_CHANGED,1.0,B0006ULHK6,new,ATVPDKIKX0DER,Internal,2024-05-17 09:51:17.169 Z,false,true,false,25.97,USD,false,false,89815,97,0,USD,NOW,,24,24,true,"""US""","""VA""",A1G2IX65IQJHUO,new
2024-05-17 09:51:17.486 Z,amzn1.sp.solution.c2bed69f-202f-4ce6-ae43-000fdbbb247e,5226d806-4a5c-4e4e-a25e-733b37841717,2024-05-17 09:51:18.049 Z,871c70d2-94d7-4848-86ab-a951d1963e0b,ANY_OFFER_CHANGED,1.0,B0006ULHK6,new,ATVPDKIKX0DER,Internal,2024-05-17 09:51:17.169 Z,false,true,false,26.36,USD,false,false,31370,94,0,USD,NOW,,24,24,true,"""US""","""OH""",AFF8XSNGT0QQC,new
2024-05-17 09:51:17.486 Z,amzn1.sp.solution.c2bed69f-202f-4ce6-ae43-000fdbbb247e,5226d806-4a5c-4e4e-a25e-733b37841717,2024-05-17 09:51:18.049 Z,871c70d2-94d7-4848-86ab-a951d1963e0b,ANY_OFFER_CHANGED,1.0,B0006ULHK6,new,ATVPDKIKX0DER,Internal,2024-05-17 09:51:17.169 Z,false,true,false,26.95,USD,false,false,26476,92,0,USD,NOW,,48,24,true,"""US""","""VA""",A1ECJT9FQ4WMHJ,new
2024-05-17 09:51:17.486 Z,amzn1.sp.solution.c2bed69f-202f-4ce6-ae43-000fdbbb247e,5226d806-4a5c-4e4e-a25e-733b37841717,2024-05-17 09:51:18.049 Z,871c70d2-94d7-4848-86ab-a951d1963e0b,ANY_OFFER_CHANGED,1.0,B0006ULHK6,new,ATVPDKIKX0DER,Internal,2024-05-17 09:51:17.169 Z,false,true,false,28.12,USD,false,false,37313,89,0,USD,NOW,,1,1,true,"""US""","""TX""",APSAI9VUG3A9O,new
2024-05-17 09:51:17.486 Z,amzn1.sp.solution.c2bed69f-202f-4ce6-ae43-000fdbbb247e,5226d806-4a5c-4e4e-a25e-733b37841717,2024-05-17 09:51:18.049 Z,871c70d2-94d7-4848-86ab-a951d1963e0b,ANY_OFFER_CHANGED,1.0,B0006ULHK6,new,ATVPDKIKX0DER,Internal,2024-05-17 09:51:17.169 Z,false,true,false,29.1,USD,false,false,63837,92,0,USD,NOW,,24,24,true,"""US""","""CA""",A3A5024GKCOK6V,new
2024-05-17 09:51:17.486 Z,amzn1.sp.solution.c2bed69f-202f-4ce6-ae43-000fdbbb247e,5226d806-4a5c-4e4e-a25e-733b37841717,2024-05-17 09:51:18.049 Z,871c70d2-94d7-4848-86ab-a951d1963e0b,ANY_OFFER_CHANGED,1.0,B0006ULHK6,new,ATVPDKIKX0DER,Internal,2024-05-17 09:51:17.169 Z,false,true,true,29.85,USD,true,true,55013,98,0,USD,NOW,,0,0,true,,,A7H37HS2706TH,new
2024-05-17 09:51:17.486 Z,amzn1.sp.solution.c2bed69f-202f-4ce6-ae43-000fdbbb247e,5226d806-4a5c-4e4e-a25e-733b37841717,2024-05-17 09:51:18.049 Z,871c70d2-94d7-4848-86ab-a951d1963e0b,ANY_OFFER_CHANGED,1.0,B0006ULHK6,new,ATVPDKIKX0DER,Internal,2024-05-17 09:51:17.169 Z,false,true,false,29.95,USD,false,false,55013,98,0,USD,NOW,,24,24,true,"""US""","""NJ""",A7H37HS2706TH,new
2024-05-17 09:51:17.486 Z,amzn1.sp.solution.c2bed69f-202f-4ce6-ae43-000fdbbb247e,5226d806-4a5c-4e4e-a25e-733b37841717,2024-05-17 09:51:18.049 Z,871c70d2-94d7-4848-86ab-a951d1963e0b,ANY_OFFER_CHANGED,1.0,B0006ULHK6,new,ATVPDKIKX0DER,Internal,2024-05-17 09:51:17.169 Z,false,true,false,37.09,USD,false,false,17006,87,0,USD,NOW,,48,24,true,"""US""","""CA""",ABOPLAY6RS86X,new
2024-05-17 09:51:17.486 Z,amzn1.sp.solution.c2bed69f-202f-4ce6-ae43-000fdbbb247e,5226d806-4a5c-4e4e-a25e-733b37841717,2024-05-17 09:51:18.049 Z,871c70d2-94d7-4848-86ab-a951d1963e0b,ANY_OFFER_CHANGED,1.0,B0006ULHK6,new,ATVPDKIKX0DER,Internal,2024-05-17 09:51:17.169 Z,false,true,false,42.62,USD,false,false,35001,84,0,USD,NOW,,48,24,true,"""US""","""CA""",A3RTD7C8IOA24E,new
2024-05-17 09:51:17.486 Z,amzn1.sp.solution.c2bed69f-202f-4ce6-ae43-000fdbbb247e,5226d806-4a5c-4e4e-a25e-733b37841717,2024-05-17 09:51:18.049 Z,871c70d2-94d7-4848-86ab-a951d1963e0b,ANY_OFFER_CHANGED,1.0,B0006ULHK6,new,ATVPDKIKX0DER,Internal,2024-05-17 09:51:17.169 Z,false,true,false,52.96,USD,false,false,181,92,0,USD,NOW,,24,24,true,"""US""","""TX""",A2I0HOF5WGMLJC,new
2024-05-17 09:51:18.768 Z,amzn1.sp.solution.c2bed69f-202f-4ce6-ae43-000fdbbb247e,10f48d07-f248-42ea-886e-305fde5bf1aa,2024-05-17 09:51:18.948 Z,871c70d2-94d7-4848-86ab-a951d1963e0b,ANY_OFFER_CHANGED,1.0,B09KS8PM9M,new,ATVPDKIKX0DER,Internal,2024-05-17 09:51:18.563 Z,true,true,false,116.34,USD,false,false,31370,94,0,USD,NOW,,24,24,true,"""US""","""OH""",AFF8XSNGT0QQC,new
2024-05-17 09:51:18.768 Z,amzn1.sp.solution.c2bed69f-202f-4ce6-ae43-000fdbbb247e,10f48d07-f248-42ea-886e-305fde5bf1aa,2024-05-17 09:51:18.948 Z,871c70d2-94d7-4848-86ab-a951d1963e0b,ANY_OFFER_CHANGED,1.0,B09KS8PM9M,new,ATVPDKIKX0DER,Internal,2024-05-17 09:51:18.563 Z,false,true,false,134.95,USD,false,false,26476,92,0,USD,NOW,,48,24,true,"""US""","""VA""",A1ECJT9FQ4WMHJ,new
2024-05-17 09:51:18.768 Z,amzn1.sp.solution.c2bed69f-202f-4ce6-ae43-000fdbbb247e,10f48d07-f248-42ea-886e-305fde5bf1aa,2024-05-17 09:51:18.948 Z,871c70d2-94d7-4848-86ab-a951d1963e0b,ANY_OFFER_CHANGED,1.0,B09KS8PM9M,new,ATVPDKIKX0DER,Internal,2024-05-17 09:51:18.563 Z,false,true,false,162.1,USD,false,false,181,92,0,USD,NOW,,24,24,true,"""US""","""TX""",A2I0HOF5WGMLJC,new
2024-05-17 09:51:18.768 Z,amzn1.sp.solution.c2bed69f-202f-4ce6-ae43-000fdbbb247e,10f48d07-f248-42ea-886e-305fde5bf1aa,2024-05-17 09:51:18.948 Z,871c70d2-94d7-4848-86ab-a951d1963e0b,ANY_OFFER_CHANGED,1.0,B09KS8PM9M,new,ATVPDKIKX0DER,Internal,2024-05-17 09:51:18.563 Z,false,true,false,162.11,USD,false,false,1129,99,0,USD,NOW,,24,24,true,"""US""","""NY""",A1IGDBOKB92JV2,new
2024-05-17 09:51:18.768 Z,amzn1.sp.solution.c2bed69f-202f-4ce6-ae43-000fdbbb247e,10f48d07-f248-42ea-886e-305fde5bf1aa,2024-05-17 09:51:18.948 Z,871c70d2-94d7-4848-86ab-a951d1963e0b,ANY_OFFER_CHANGED,1.0,B09KS8PM9M,new,ATVPDKIKX0DER,Internal,2024-05-17 09:51:18.563 Z,false,true,false,174,USD,false,false,1006,93,0,USD,NOW,,24,24,true,"""US""","""NJ""",AX1MSLPFCP73H,new
2024-05-17 09:51:18.768 Z,amzn1.sp.solution.c2bed69f-202f-4ce6-ae43-000fdbbb247e,10f48d07-f248-42ea-886e-305fde5bf1aa,2024-05-17 09:51:18.948 Z,871c70d2-94d7-4848-86ab-a951d1963e0b,ANY_OFFER_CHANGED,1.0,B09KS8PM9M,new,ATVPDKIKX0DER,Internal,2024-05-17 09:51:18.563 Z,false,true,false,176.21,USD,false,false,397,49,0,USD,NOW,,48,24,true,"""US""","""NY""",A16A6K36JV9FNV,new
2024-05-17 09:51:18.768 Z,amzn1.sp.solution.c2bed69f-202f-4ce6-ae43-000fdbbb247e,10f48d07-f248-42ea-886e-305fde5bf1aa,2024-05-17 09:51:18.948 Z,871c70d2-94d7-4848-86ab-a951d1963e0b,ANY_OFFER_CHANGED,1.0,B09KS8PM9M,new,ATVPDKIKX0DER,Internal,2024-05-17 09:51:18.563 Z,false,true,false,176.21,USD,false,false,397,49,0,USD,NOW,,48,24,true,"""US""","""NY""",A16A6K36JV9FNV,new
2024-05-17 09:51:19.886 Z,amzn1.sp.solution.c2bed69f-202f-4ce6-ae43-000fdbbb247e,d1fce040-4a33-43b3-b9d4-396e9af38527,2024-05-17 09:51:19.986 Z,871c70d2-94d7-4848-86ab-a951d1963e0b,ANY_OFFER_CHANGED,1.0,B0826JZPDK,new,ATVPDKIKX0DER,FeaturedOffer,2024-05-17 09:51:19.263 Z,true,true,false,37.79,USD,false,false,37313,89,0,USD,NOW,,1,1,true,"""US""","""TX""",APSAI9VUG3A9O,new
2024-05-17 09:51:19.886 Z,amzn1.sp.solution.c2bed69f-202f-4ce6-ae43-000fdbbb247e,d1fce040-4a33-43b3-b9d4-396e9af38527,2024-05-17 09:51:19.986 Z,871c70d2-94d7-4848-86ab-a951d1963e0b,ANY_OFFER_CHANGED,1.0,B0826JZPDK,new,ATVPDKIKX0DER,FeaturedOffer,2024-05-17 09:51:19.263 Z,false,true,false,38.96,USD,false,false,17385,98,0,USD,NOW,,0,0,true,"""US""","""FL""",A1S6VZ8ADM321W,new
2024-05-17 09:51:19.886 Z,amzn1.sp.solution.c2bed69f-202f-4ce6-ae43-000fdbbb247e,d1fce040-4a33-43b3-b9d4-396e9af38527,2024-05-17 09:51:19.986 Z,871c70d2-94d7-4848-86ab-a951d1963e0b,ANY_OFFER_CHANGED,1.0,B0826JZPDK,new,ATVPDKIKX0DER,FeaturedOffer,2024-05-17 09:51:19.263 Z,true,true,true,41.56,USD,true,true,26476,92,0,USD,NOW,,0,0,true,,,A1ECJT9FQ4WMHJ,new
2024-05-17 09:51:19.886 Z,amzn1.sp.solution.c2bed69f-202f-4ce6-ae43-000fdbbb247e,d1fce040-4a33-43b3-b9d4-396e9af38527,2024-05-17 09:51:19.986 Z,871c70d2-94d7-4848-86ab-a951d1963e0b,ANY_OFFER_CHANGED,1.0,B0826JZPDK,new,ATVPDKIKX0DER,FeaturedOffer,2024-05-17 09:51:19.263 Z,false,true,false,41.57,USD,false,false,26476,92,0,USD,NOW,,48,24,true,"""US""","""VA""",A1ECJT9FQ4WMHJ,new
2024-05-17 09:51:19.886 Z,amzn1.sp.solution.c2bed69f-202f-4ce6-ae43-000fdbbb247e,d1fce040-4a33-43b3-b9d4-396e9af38527,2024-05-17 09:51:19.986 Z,871c70d2-94d7-4848-86ab-a951d1963e0b,ANY_OFFER_CHANGED,1.0,B0826JZPDK,new,ATVPDKIKX0DER,FeaturedOffer,2024-05-17 09:51:19.263 Z,false,true,false,41.88,USD,false,false,7495,95,0,USD,NOW,,24,24,true,"""US""","""CA""",A30ENKBMUY8OVX,new
2024-05-17 09:51:19.886 Z,amzn1.sp.solution.c2bed69f-202f-4ce6-ae43-000fdbbb247e,d1fce040-4a33-43b3-b9d4-396e9af38527,2024-05-17 09:51:19.986 Z,871c70d2-94d7-4848-86ab-a951d1963e0b,ANY_OFFER_CHANGED,1.0,B0826JZPDK,new,ATVPDKIKX0DER,FeaturedOffer,2024-05-17 09:51:19.263 Z,false,true,false,100.13,USD,false,false,181,92,0,USD,NOW,,24,24,true,"""US""","""TX""",A2I0HOF5WGMLJC,new
2024-05-17 09:51:25.545 Z,amzn1.sp.solution.c2bed69f-202f-4ce6-ae43-000fdbbb247e,bb890693-5e2a-4fb0-bfb3-6396741891f2,2024-05-17 09:51:25.627 Z,871c70d2-94d7-4848-86ab-a951d1963e0b,ANY_OFFER_CHANGED,1.0,B005EGZNVG,new,ATVPDKIKX0DER,Internal,2024-05-17 09:51:25.219 Z,false,true,false,53.51,USD,false,false,31370,94,0,USD,NOW,,24,24,true,"""US""","""OH""",AFF8XSNGT0QQC,new
2024-05-17 09:51:25.545 Z,amzn1.sp.solution.c2bed69f-202f-4ce6-ae43-000fdbbb247e,bb890693-5e2a-4fb0-bfb3-6396741891f2,2024-05-17 09:51:25.627 Z,871c70d2-94d7-4848-86ab-a951d1963e0b,ANY_OFFER_CHANGED,1.0,B005EGZNVG,new,ATVPDKIKX0DER,Internal,2024-05-17 09:51:25.219 Z,false,true,true,54.09,USD,true,true,15231,99,0,USD,NOW,,0,0,true,,,A3VNB37QHDEYIR,new
2024-05-17 09:51:25.545 Z,amzn1.sp.solution.c2bed69f-202f-4ce6-ae43-000fdbbb247e,bb890693-5e2a-4fb0-bfb3-6396741891f2,2024-05-17 09:51:25.627 Z,871c70d2-94d7-4848-86ab-a951d1963e0b,ANY_OFFER_CHANGED,1.0,B005EGZNVG,new,ATVPDKIKX0DER,Internal,2024-05-17 09:51:25.219 Z,true,true,true,55.26,USD,true,true,6658,100,0,USD,NOW,,0,0,true,,,A21THNL43P5P1T,new
2024-05-17 09:51:25.545 Z,amzn1.sp.solution.c2bed69f-202f-4ce6-ae43-000fdbbb247e,bb890693-5e2a-4fb0-bfb3-6396741891f2,2024-05-17 09:51:25.627 Z,871c70d2-94d7-4848-86ab-a951d1963e0b,ANY_OFFER_CHANGED,1.0,B005EGZNVG,new,ATVPDKIKX0DER,Internal,2024-05-17 09:51:25.219 Z,false,true,false,67,USD,false,false,181,92,0,USD,NOW,,24,24,true,"""US""","""TX""",A2I0HOF5WGMLJC,new
2024-05-17 09:51:27.127 Z,amzn1.sp.solution.c2bed69f-202f-4ce6-ae43-000fdbbb247e,ce823404-451d-4ea1-b8f2-529a9c3130db,2024-05-17 09:51:27.228 Z,871c70d2-94d7-4848-86ab-a951d1963e0b,ANY_OFFER_CHANGED,1.0,B0BPTNXJ8D,new,ATVPDKIKX0DER,Internal,2024-05-17 09:51:26.741 Z,true,true,false,45.88,USD,false,false,31370,94,0,USD,NOW,,24,24,true,"""US""","""OH""",AFF8XSNGT0QQC,new
2024-05-17 09:51:27.127 Z,amzn1.sp.solution.c2bed69f-202f-4ce6-ae43-000fdbbb247e,ce823404-451d-4ea1-b8f2-529a9c3130db,2024-05-17 09:51:27.228 Z,871c70d2-94d7-4848-86ab-a951d1963e0b,ANY_OFFER_CHANGED,1.0,B0BPTNXJ8D,new,ATVPDKIKX0DER,Internal,2024-05-17 09:51:26.741 Z,true,true,false,45.94,USD,false,false,181,92,0,USD,NOW,,24,24,true,"""US""","""TX""",A2I0HOF5WGMLJC,new
2024-05-17 09:51:27.127 Z,amzn1.sp.solution.c2bed69f-202f-4ce6-ae43-000fdbbb247e,ce823404-451d-4ea1-b8f2-529a9c3130db,2024-05-17 09:51:27.228 Z,871c70d2-94d7-4848-86ab-a951d1963e0b,ANY_OFFER_CHANGED,1.0,B0BPTNXJ8D,new,ATVPDKIKX0DER,Internal,2024-05-17 09:51:26.741 Z,false,true,false,49.08,USD,false,false,37313,89,0,USD,NOW,,1,1,true,"""US""","""TX""",APSAI9VUG3A9O,new
2024-05-17 09:51:27.127 Z,amzn1.sp.solution.c2bed69f-202f-4ce6-ae43-000fdbbb247e,ce823404-451d-4ea1-b8f2-529a9c3130db,2024-05-17 09:51:27.228 Z,871c70d2-94d7-4848-86ab-a951d1963e0b,ANY_OFFER_CHANGED,1.0,B0BPTNXJ8D,new,ATVPDKIKX0DER,Internal,2024-05-17 09:51:26.741 Z,false,true,false,49.09,USD,false,false,5142,77,0,USD,NOW,,48,24,true,"""US""","""NY""",A2DF3HGBR01ATY,new
2024-05-17 09:51:27.127 Z,amzn1.sp.solution.c2bed69f-202f-4ce6-ae43-000fdbbb247e,ce823404-451d-4ea1-b8f2-529a9c3130db,2024-05-17 09:51:27.228 Z,871c70d2-94d7-4848-86ab-a951d1963e0b,ANY_OFFER_CHANGED,1.0,B0BPTNXJ8D,new,ATVPDKIKX0DER,Internal,2024-05-17 09:51:26.741 Z,false,true,false,49.1,USD,false,false,34276,96,0,USD,NOW,,24,24,true,"""US""","""VA""",A37RYXSF82P86Q,new
2024-05-17 09:51:27.127 Z,amzn1.sp.solution.c2bed69f-202f-4ce6-ae43-000fdbbb247e,ce823404-451d-4ea1-b8f2-529a9c3130db,2024-05-17 09:51:27.228 Z,871c70d2-94d7-4848-86ab-a951d1963e0b,ANY_OFFER_CHANGED,1.0,B0BPTNXJ8D,new,ATVPDKIKX0DER,Internal,2024-05-17 09:51:26.741 Z,false,true,false,51.38,USD,false,false,63837,92,0,USD,NOW,,24,24,true,"""US""","""CA""",A3A5024GKCOK6V,new
2024-05-17 09:51:37.863 Z,amzn1.sp.solution.c2bed69f-202f-4ce6-ae43-000fdbbb247e,32a37e98-32c7-4c81-af5c-bd100ec8932a,2024-05-17 09:51:37.960 Z,871c70d2-94d7-4848-86ab-a951d1963e0b,ANY_OFFER_CHANGED,1.0,B00V72J4UC,new,ATVPDKIKX0DER,Internal,2024-05-17 09:51:37.668 Z,false,true,false,13.55,USD,false,false,31370,94,0,USD,NOW,,24,24,true,"""US""","""OH""",AFF8XSNGT0QQC,new
2024-05-17 09:51:37.863 Z,amzn1.sp.solution.c2bed69f-202f-4ce6-ae43-000fdbbb247e,32a37e98-32c7-4c81-af5c-bd100ec8932a,2024-05-17 09:51:37.960 Z,871c70d2-94d7-4848-86ab-a951d1963e0b,ANY_OFFER_CHANGED,1.0,B00V72J4UC,new,ATVPDKIKX0DER,Internal,2024-05-17 09:51:37.668 Z,true,true,false,13.56,USD,false,false,4783,84,0,USD,NOW,,24,24,true,"""US""","""TN""",A32YGV37EPHIKJ,new
2024-05-17 09:51:37.863 Z,amzn1.sp.solution.c2bed69f-202f-4ce6-ae43-000fdbbb247e,32a37e98-32c7-4c81-af5c-bd100ec8932a,2024-05-17 09:51:37.960 Z,871c70d2-94d7-4848-86ab-a951d1963e0b,ANY_OFFER_CHANGED,1.0,B00V72J4UC,new,ATVPDKIKX0DER,Internal,2024-05-17 09:51:37.668 Z,true,true,false,13.57,USD,false,false,181,92,0,USD,NOW,,24,24,true,"""US""","""TX""",A2I0HOF5WGMLJC,new
2024-05-17 09:51:37.863 Z,amzn1.sp.solution.c2bed69f-202f-4ce6-ae43-000fdbbb247e,32a37e98-32c7-4c81-af5c-bd100ec8932a,2024-05-17 09:51:37.960 Z,871c70d2-94d7-4848-86ab-a951d1963e0b,ANY_OFFER_CHANGED,1.0,B00V72J4UC,new,ATVPDKIKX0DER,Internal,2024-05-17 09:51:37.668 Z,false,true,false,15.93,USD,false,false,89815,97,0,USD,NOW,,24,24,true,"""US""","""VA""",A1G2IX65IQJHUO,new
2024-05-17 09:51:39.077 Z,amzn1.sp.solution.c2bed69f-202f-4ce6-ae43-000fdbbb247e,8eb94951-7b48-4942-9bd9-49cc56d6cfad,2024-05-17 09:51:39.403 Z,871c70d2-94d7-4848-86ab-a951d1963e0b,ANY_OFFER_CHANGED,1.0,B0013Y4Q70,new,ATVPDKIKX0DER,FeaturedOffer,2024-05-17 09:51:38.806 Z,true,true,false,41.4,USD,false,false,181,92,0,USD,NOW,,24,24,true,"""US""","""TX""",A2I0HOF5WGMLJC,new
2024-05-17 09:51:39.077 Z,amzn1.sp.solution.c2bed69f-202f-4ce6-ae43-000fdbbb247e,8eb94951-7b48-4942-9bd9-49cc56d6cfad,2024-05-17 09:51:39.403 Z,871c70d2-94d7-4848-86ab-a951d1963e0b,ANY_OFFER_CHANGED,1.0,B0013Y4Q70,new,ATVPDKIKX0DER,FeaturedOffer,2024-05-17 09:51:38.806 Z,true,true,false,41.61,USD,false,false,31370,94,0,USD,NOW,,24,24,true,"""US""","""OH""",AFF8XSNGT0QQC,new
2024-05-17 09:51:39.077 Z,amzn1.sp.solution.c2bed69f-202f-4ce6-ae43-000fdbbb247e,8eb94951-7b48-4942-9bd9-49cc56d6cfad,2024-05-17 09:51:39.403 Z,871c70d2-94d7-4848-86ab-a951d1963e0b,ANY_OFFER_CHANGED,1.0,B0013Y4Q70,new,ATVPDKIKX0DER,FeaturedOffer,2024-05-17 09:51:38.806 Z,false,true,false,43.45,USD,false,false,26476,92,0,USD,NOW,,48,24,true,"""US""","""VA""",A1ECJT9FQ4WMHJ,new
2024-05-17 09:51:39.077 Z,amzn1.sp.solution.c2bed69f-202f-4ce6-ae43-000fdbbb247e,8eb94951-7b48-4942-9bd9-49cc56d6cfad,2024-05-17 09:51:39.403 Z,871c70d2-94d7-4848-86ab-a951d1963e0b,ANY_OFFER_CHANGED,1.0,B0013Y4Q70,new,ATVPDKIKX0DER,FeaturedOffer,2024-05-17 09:51:38.806 Z,false,true,false,44.33,USD,false,false,35001,84,0,USD,NOW,,48,24,true,"""US""","""CA""",A3RTD7C8IOA24E,new
2024-05-17 09:51:39.077 Z,amzn1.sp.solution.c2bed69f-202f-4ce6-ae43-000fdbbb247e,8eb94951-7b48-4942-9bd9-49cc56d6cfad,2024-05-17 09:51:39.403 Z,871c70d2-94d7-4848-86ab-a951d1963e0b,ANY_OFFER_CHANGED,1.0,B0013Y4Q70,new,ATVPDKIKX0DER,FeaturedOffer,2024-05-17 09:51:38.806 Z,false,true,false,51.72,USD,false,false,34276,96,0,USD,NOW,,24,24,true,"""US""","""VA""",A37RYXSF82P86Q,new
2024-05-17 09:51:39.077 Z,amzn1.sp.solution.c2bed69f-202f-4ce6-ae43-000fdbbb247e,8eb94951-7b48-4942-9bd9-49cc56d6cfad,2024-05-17 09:51:39.403 Z,871c70d2-94d7-4848-86ab-a951d1963e0b,ANY_OFFER_CHANGED,1.0,B0013Y4Q70,new,ATVPDKIKX0DER,FeaturedOffer,2024-05-17 09:51:38.806 Z,false,true,false,53.33,USD,false,false,12426,84,0,USD,NOW,,24,24,true,"""US""","""NE""",A2GSYIQWM0T181,new
2024-05-17 09:51:39.077 Z,amzn1.sp.solution.c2bed69f-202f-4ce6-ae43-000fdbbb247e,8eb94951-7b48-4942-9bd9-49cc56d6cfad,2024-05-17 09:51:39.403 Z,871c70d2-94d7-4848-86ab-a951d1963e0b,ANY_OFFER_CHANGED,1.0,B0013Y4Q70,new,ATVPDKIKX0DER,FeaturedOffer,2024-05-17 09:51:38.806 Z,false,true,false,57.27,USD,false,false,37313,89,0,USD,NOW,,1,1,true,"""US""","""TX""",APSAI9VUG3A9O,new
2024-05-17 09:51:39.077 Z,amzn1.sp.solution.c2bed69f-202f-4ce6-ae43-000fdbbb247e,8eb94951-7b48-4942-9bd9-49cc56d6cfad,2024-05-17 09:51:39.403 Z,871c70d2-94d7-4848-86ab-a951d1963e0b,ANY_OFFER_CHANGED,1.0,B0013Y4Q70,new,ATVPDKIKX0DER,FeaturedOffer,2024-05-17 09:51:38.806 Z,false,true,false,57.36,USD,false,true,89815,97,0,USD,NOW,,24,24,true,"""US""","""VA""",A1G2IX65IQJHUO,new
2024-05-17 09:51:39.077 Z,amzn1.sp.solution.c2bed69f-202f-4ce6-ae43-000fdbbb247e,8eb94951-7b48-4942-9bd9-49cc56d6cfad,2024-05-17 09:51:39.403 Z,871c70d2-94d7-4848-86ab-a951d1963e0b,ANY_OFFER_CHANGED,1.0,B0013Y4Q70,new,ATVPDKIKX0DER,FeaturedOffer,2024-05-17 09:51:38.806 Z,false,true,false,67.9,USD,false,false,5142,77,0,USD,NOW,,48,24,true,"""US""","""NY""",A2DF3HGBR01ATY,new
2024-05-17 09:51:39.077 Z,amzn1.sp.solution.c2bed69f-202f-4ce6-ae43-000fdbbb247e,8eb94951-7b48-4942-9bd9-49cc56d6cfad,2024-05-17 09:51:39.403 Z,871c70d2-94d7-4848-86ab-a951d1963e0b,ANY_OFFER_CHANGED,1.0,B0013Y4Q70,new,ATVPDKIKX0DER,FeaturedOffer,2024-05-17 09:51:38.806 Z,false,true,false,67.91,USD,false,false,63837,92,0,USD,NOW,,24,24,true,"""US""","""CA""",A3A5024GKCOK6V,new
2024-05-17 09:51:43.948 Z,amzn1.sp.solution.c2bed69f-202f-4ce6-ae43-000fdbbb247e,8d4b6861-2d11-4377-97c4-80b933883dae,2024-05-17 09:51:44.195 Z,871c70d2-94d7-4848-86ab-a951d1963e0b,ANY_OFFER_CHANGED,1.0,B00VUSQU9G,new,ATVPDKIKX0DER,Internal,2024-05-17 09:51:43.771 Z,true,true,false,13.57,USD,false,false,181,92,0,USD,NOW,,24,24,true,"""US""","""TX""",A2I0HOF5WGMLJC,new
2024-05-17 09:51:43.948 Z,amzn1.sp.solution.c2bed69f-202f-4ce6-ae43-000fdbbb247e,8d4b6861-2d11-4377-97c4-80b933883dae,2024-05-17 09:51:44.195 Z,871c70d2-94d7-4848-86ab-a951d1963e0b,ANY_OFFER_CHANGED,1.0,B00VUSQU9G,new,ATVPDKIKX0DER,Internal,2024-05-17 09:51:43.771 Z,false,true,false,13.95,USD,false,false,505,78,0,USD,NOW,,48,24,true,"""US""","""NY""",A3SOJ69JHIH1PD,new
2024-05-17 09:51:43.948 Z,amzn1.sp.solution.c2bed69f-202f-4ce6-ae43-000fdbbb247e,8d4b6861-2d11-4377-97c4-80b933883dae,2024-05-17 09:51:44.195 Z,871c70d2-94d7-4848-86ab-a951d1963e0b,ANY_OFFER_CHANGED,1.0,B00VUSQU9G,new,ATVPDKIKX0DER,Internal,2024-05-17 09:51:43.771 Z,false,true,false,14.34,USD,false,false,31370,94,0,USD,NOW,,24,24,true,"""US""","""OH""",AFF8XSNGT0QQC,new
2024-05-17 09:51:43.948 Z,amzn1.sp.solution.c2bed69f-202f-4ce6-ae43-000fdbbb247e,8d4b6861-2d11-4377-97c4-80b933883dae,2024-05-17 09:51:44.195 Z,871c70d2-94d7-4848-86ab-a951d1963e0b,ANY_OFFER_CHANGED,1.0,B00VUSQU9G,new,ATVPDKIKX0DER,Internal,2024-05-17 09:51:43.771 Z,false,true,false,14.82,USD,false,false,37313,89,0,USD,NOW,,1,1,true,"""US""","""TX""",APSAI9VUG3A9O,new
2024-05-17 09:51:43.948 Z,amzn1.sp.solution.c2bed69f-202f-4ce6-ae43-000fdbbb247e,8d4b6861-2d11-4377-97c4-80b933883dae,2024-05-17 09:51:44.195 Z,871c70d2-94d7-4848-86ab-a951d1963e0b,ANY_OFFER_CHANGED,1.0,B00VUSQU9G,new,ATVPDKIKX0DER,Internal,2024-05-17 09:51:43.771 Z,false,true,false,15.2,USD,false,false,34276,96,0,USD,NOW,,24,24,true,"""US""","""VA""",A37RYXSF82P86Q,new
2024-05-17 09:51:43.948 Z,amzn1.sp.solution.c2bed69f-202f-4ce6-ae43-000fdbbb247e,8d4b6861-2d11-4377-97c4-80b933883dae,2024-05-17 09:51:44.195 Z,871c70d2-94d7-4848-86ab-a951d1963e0b,ANY_OFFER_CHANGED,1.0,B00VUSQU9G,new,ATVPDKIKX0DER,Internal,2024-05-17 09:51:43.771 Z,false,true,false,16.85,USD,false,false,5142,77,0,USD,NOW,,48,24,true,"""US""","""NY""",A2DF3HGBR01ATY,new
2024-05-17 09:51:43.948 Z,amzn1.sp.solution.c2bed69f-202f-4ce6-ae43-000fdbbb247e,8d4b6861-2d11-4377-97c4-80b933883dae,2024-05-17 09:51:44.195 Z,871c70d2-94d7-4848-86ab-a951d1963e0b,ANY_OFFER_CHANGED,1.0,B00VUSQU9G,new,ATVPDKIKX0DER,Internal,2024-05-17 09:51:43.771 Z,false,true,false,16.86,USD,false,false,63837,92,0,USD,NOW,,24,24,true,"""US""","""CA""",A3A5024GKCOK6V,new
2024-05-17 09:51:43.948 Z,amzn1.sp.solution.c2bed69f-202f-4ce6-ae43-000fdbbb247e,8d4b6861-2d11-4377-97c4-80b933883dae,2024-05-17 09:51:44.195 Z,871c70d2-94d7-4848-86ab-a951d1963e0b,ANY_OFFER_CHANGED,1.0,B00VUSQU9G,new,ATVPDKIKX0DER,Internal,2024-05-17 09:51:43.771 Z,false,true,false,20.92,USD,false,false,3849,52,0,USD,NOW,,48,24,true,"""US""","""PA""",AEQTYJMD8G5RW,new
2024-05-17 09:51:45.858 Z,amzn1.sp.solution.c2bed69f-202f-4ce6-ae43-000fdbbb247e,f241f958-e873-4275-9777-2c576dd84b76,2024-05-17 09:51:46.216 Z,871c70d2-94d7-4848-86ab-a951d1963e0b,ANY_OFFER_CHANGED,1.0,B00AWSSEJE,new,ATVPDKIKX0DER,FeaturedOffer,2024-05-17 09:51:45.687 Z,false,true,false,104.04,USD,false,false,40968,99,0,USD,NOW,,48,24,true,"""US""","""NJ""",AGBSKTQNEDHK7,new
2024-05-17 09:51:45.858 Z,amzn1.sp.solution.c2bed69f-202f-4ce6-ae43-000fdbbb247e,f241f958-e873-4275-9777-2c576dd84b76,2024-05-17 09:51:46.216 Z,871c70d2-94d7-4848-86ab-a951d1963e0b,ANY_OFFER_CHANGED,1.0,B00AWSSEJE,new,ATVPDKIKX0DER,FeaturedOffer,2024-05-17 09:51:45.687 Z,true,true,false,104.29,USD,false,false,181,92,0,USD,NOW,,24,24,true,"""US""","""TX""",A2I0HOF5WGMLJC,new
2024-05-17 09:51:45.858 Z,amzn1.sp.solution.c2bed69f-202f-4ce6-ae43-000fdbbb247e,f241f958-e873-4275-9777-2c576dd84b76,2024-05-17 09:51:46.216 Z,871c70d2-94d7-4848-86ab-a951d1963e0b,ANY_OFFER_CHANGED,1.0,B00AWSSEJE,new,ATVPDKIKX0DER,FeaturedOffer,2024-05-17 09:51:45.687 Z,true,true,false,104.56,USD,false,false,31370,94,0,USD,NOW,,24,24,true,"""US""","""OH""",AFF8XSNGT0QQC,new
2024-05-17 09:51:45.858 Z,amzn1.sp.solution.c2bed69f-202f-4ce6-ae43-000fdbbb247e,f241f958-e873-4275-9777-2c576dd84b76,2024-05-17 09:51:46.216 Z,871c70d2-94d7-4848-86ab-a951d1963e0b,ANY_OFFER_CHANGED,1.0,B00AWSSEJE,new,ATVPDKIKX0DER,FeaturedOffer,2024-05-17 09:51:45.687 Z,false,true,false,111.19,USD,false,false,4783,84,0,USD,NOW,,120,96,true,"""US""","""TN""",A32YGV37EPHIKJ,new
